"state","cd119","cd117","stab","pop20","afact2","afact"
"State code","Congressional district code (119th Congress)","Congressional district code (117th Congress)","State abbr.","Total population (2020 Census)","cd117-to-cd119 allocation factor","cd119-to-cd117 allocation factor"
"01","01","01","AL",426386,0.5871,0.5941 
"01","01","02","AL",291368,0.4202,0.4059 
"01","02","01","AL",292410,0.4026,0.4074 
"01","02","02","AL",255316,0.3682,0.3557 
"01","02","03","AL",120582,0.164,0.168 
"01","02","07","AL",49446,0.0744,0.0689 
"01","03","03","AL",612621,0.8333,0.8535 
"01","03","04","AL",105133,0.1496,0.1465 
"01","04","04","AL",560556,0.7974,0.781 
"01","04","05","AL",76606,0.1007,0.1067 
"01","04","06","AL",54122,0.0731,0.0754 
"01","04","07","AL",26470,0.0398,0.0369 
"01","05","04","AL",33258,0.0473,0.0463 
"01","05","05","AL",684496,0.8993,0.9537 
"01","06","02","AL",146782,0.2117,0.2045 
"01","06","03","AL",1929,0.0026,0.0027 
"01","06","06","AL",550545,0.7433,0.767 
"01","06","07","AL",18499,0.0278,0.0258 
"01","07","01","AL",7480,0.0103,0.0104 
"01","07","04","AL",4035,0.0057,0.0056 
"01","07","06","AL",136043,0.1837,0.1895 
"01","07","07","AL",570196,0.8579,0.7944 
"02","00","00","AK",733391,1,1 
"04","01","04","AZ",1193,0.0015,0.0015 
"04","01","05","AZ",4713,0.0053,0.0059 
"04","01","06","AZ",596142,0.7586,0.7502 
"04","01","07","AZ",26850,0.0341,0.0338 
"04","01","09","AZ",165713,0.2147,0.2085 
"04","02","01","AZ",511992,0.6729,0.6443 
"04","02","04","AZ",282620,0.3514,0.3557 
"04","03","03","AZ",78345,0.1008,0.0986 
"04","03","07","AZ",680516,0.8632,0.8564 
"04","03","09","AZ",35751,0.0463,0.045 
"04","04","05","AZ",239565,0.2719,0.3015 
"04","04","06","AZ",18,0,0 
"04","04","07","AZ",1112,0.0014,0.0014 
"04","04","09","AZ",553916,0.7177,0.6971 
"04","05","04","AZ",157865,0.1963,0.1987 
"04","05","05","AZ",636747,0.7227,0.8013 
"04","06","01","AZ",243055,0.3195,0.3059 
"04","06","02","AZ",545263,0.7324,0.6862 
"04","06","03","AZ",6293,0.0081,0.0079 
"04","07","01","AZ",5803,0.0076,0.0073 
"04","07","02","AZ",199215,0.2676,0.2507 
"04","07","03","AZ",581040,0.7473,0.7312 
"04","07","04","AZ",1337,0.0017,0.0017 
"04","07","07","AZ",7216,0.0092,0.0091 
"04","08","04","AZ",7392,0.0092,0.0093 
"04","08","06","AZ",189698,0.2414,0.2387 
"04","08","07","AZ",30245,0.0384,0.0381 
"04","08","08","AZ",550823,0.6579,0.6932 
"04","08","09","AZ",16452,0.0213,0.0207 
"04","09","03","AZ",111876,0.1439,0.1408 
"04","09","04","AZ",353916,0.44,0.4454 
"04","09","07","AZ",42393,0.0538,0.0534 
"04","09","08","AZ",286427,0.3421,0.3605 
"05","01","01","AR",689147,0.962,0.9158 
"05","01","02","AR",8612,0.0112,0.0114 
"05","01","03","AR",54750,0.0652,0.0728 
"05","02","01","AR",24711,0.0345,0.0328 
"05","02","02","AR",727999,0.9462,0.9672 
"05","03","03","AR",713443,0.8502,0.9472 
"05","03","04","AR",39776,0.0579,0.0528 
"05","04","01","AR",2530,0.0035,0.0034 
"05","04","02","AR",32780,0.0426,0.0435 
"05","04","03","AR",70954,0.0846,0.0942 
"05","04","04","AR",646822,0.9421,0.8589 
"06","01","01","CA",547266,0.7796,0.7158 
"06","01","03","CA",217312,0.2851,0.2842 
"06","02","02","CA",718556,0.9995,0.9384 
"06","02","05","CA",47182,0.0648,0.0616 
"06","03","01","CA",154689,0.2204,0.2023 
"06","03","03","CA",12508,0.0164,0.0164 
"06","03","04","CA",440698,0.5736,0.5764 
"06","03","07","CA",124524,0.1584,0.1629 
"06","03","08","CA",32211,0.0426,0.0421 
"06","04","02","CA",383,0.0005,0.0005 
"06","04","03","CA",337929,0.4434,0.4417 
"06","04","05","CA",426825,0.5864,0.5578 
"06","05","04","CA",317530,0.4133,0.4151 
"06","05","10","CA",326749,0.4255,0.4271 
"06","05","16","CA",3242,0.0043,0.0042 
"06","05","22","CA",117489,0.1491,0.1536 
"06","06","03","CA",28811,0.0378,0.0381 
"06","06","06","CA",358729,0.4553,0.4741 
"06","06","07","CA",369190,0.4696,0.4879 
"06","07","03","CA",8500,0.0112,0.0112 
"06","07","06","CA",429219,0.5447,0.5662 
"06","07","07","CA",292441,0.372,0.3857 
"06","07","09","CA",27960,0.0348,0.0369 
"06","08","03","CA",157154,0.2062,0.2073 
"06","08","05","CA",230991,0.3173,0.3047 
"06","08","09","CA",28775,0.0358,0.038 
"06","08","11","CA",341129,0.4442,0.45 
"06","09","09","CA",553116,0.6879,0.7258 
"06","09","10","CA",208913,0.2721,0.2742 
"06","10","05","CA",22928,0.0315,0.0302 
"06","10","09","CA",165475,0.2058,0.2177 
"06","10","11","CA",426748,0.5558,0.5613 
"06","10","15","CA",145115,0.1821,0.1909 
"06","11","12","CA",710176,0.9211,0.9354 
"06","11","14","CA",49016,0.0657,0.0646 
"06","12","13","CA",758548,0.972,1 
"06","13","09","CA",28692,0.0357,0.0374 
"06","13","10","CA",232257,0.3024,0.3024 
"06","13","16","CA",409466,0.5449,0.5331 
"06","13","21","CA",97657,0.1371,0.1271 
"06","14","13","CA",21834,0.028,0.0288 
"06","14","15","CA",651596,0.8179,0.858 
"06","14","17","CA",85986,0.1098,0.1132 
"06","15","12","CA",60834,0.0789,0.0801 
"06","15","14","CA",632172,0.8467,0.8328 
"06","15","18","CA",66052,0.0881,0.087 
"06","16","14","CA",65433,0.0876,0.0862 
"06","16","17","CA",4862,0.0062,0.0064 
"06","16","18","CA",533744,0.712,0.7034 
"06","16","19","CA",154784,0.207,0.204 
"06","17","17","CA",691844,0.8834,0.9116 
"06","17","18","CA",50943,0.068,0.0671 
"06","17","19","CA",16150,0.0216,0.0213 
"06","18","17","CA",459,0.0006,0.0006 
"06","18","18","CA",7478,0.01,0.0098 
"06","18","19","CA",330564,0.442,0.433 
"06","18","20","CA",424902,0.5705,0.5566 
"06","19","18","CA",91404,0.1219,0.1205 
"06","19","19","CA",246379,0.3294,0.3248 
"06","19","20","CA",319945,0.4295,0.4218 
"06","19","24","CA",100817,0.1362,0.1329 
"06","20","04","CA",10105,0.0132,0.0132 
"06","20","16","CA",2117,0.0028,0.0028 
"06","20","21","CA",63392,0.089,0.0831 
"06","20","22","CA",289166,0.3671,0.3789 
"06","20","23","CA",398434,0.513,0.522 
"06","21","16","CA",336607,0.448,0.4451 
"06","21","21","CA",108907,0.1529,0.144 
"06","21","22","CA",307434,0.3902,0.4065 
"06","21","23","CA",3380,0.0044,0.0045 
"06","22","21","CA",442181,0.6209,0.5653 
"06","22","22","CA",73704,0.0936,0.0942 
"06","22","23","CA",266362,0.3429,0.3405 
"06","23","08","CA",653103,0.8633,0.8555 
"06","23","23","CA",19301,0.0248,0.0253 
"06","23","25","CA",16710,0.0222,0.0219 
"06","23","31","CA",74287,0.0982,0.0973 
"06","24","24","CA",638990,0.8632,0.8356 
"06","24","26","CA",125739,0.1743,0.1644 
"06","25","08","CA",6979,0.0092,0.0091 
"06","25","36","CA",579560,0.7578,0.7533 
"06","25","42","CA",3119,0.0038,0.0041 
"06","25","51","CA",179702,0.2529,0.2336 
"06","26","24","CA",466,0.0006,0.0006 
"06","26","25","CA",119019,0.1579,0.1569 
"06","26","26","CA",595548,0.8257,0.7849 
"06","26","33","CA",43685,0.0603,0.0576 
"06","27","23","CA",89256,0.1149,0.1174 
"06","27","25","CA",617493,0.8192,0.8122 
"06","27","27","CA",176,0.0002,0.0002 
"06","27","28","CA",2,0,0 
"06","27","29","CA",10742,0.0151,0.0141 
"06","27","30","CA",42558,0.0569,0.056 
"06","28","08","CA",6610,0.0087,0.0087 
"06","28","25","CA",4,0,0 
"06","28","27","CA",663597,0.9363,0.8756 
"06","28","28","CA",49400,0.0693,0.0652 
"06","28","31","CA",38126,0.0504,0.0503 
"06","28","34","CA",154,0.0002,0.0002 
"06","29","28","CA",1088,0.0015,0.0014 
"06","29","29","CA",669383,0.9413,0.8837 
"06","29","30","CA",86980,0.1163,0.1148 
"06","30","25","CA",9,0,0 
"06","30","27","CA",5731,0.0081,0.0076 
"06","30","28","CA",647927,0.9088,0.8547 
"06","30","29","CA",2267,0.0032,0.003 
"06","30","30","CA",25584,0.0342,0.0337 
"06","30","33","CA",52024,0.0719,0.0686 
"06","30","34","CA",11379,0.0162,0.015 
"06","30","37","CA",13196,0.0183,0.0174 
"06","31","27","CA",32664,0.0461,0.0431 
"06","31","32","CA",705027,1,0.931 
"06","31","38","CA",19567,0.0277,0.0258 
"06","31","39","CA",4,0,0 
"06","32","25","CA",509,0.0007,0.0007 
"06","32","28","CA",6568,0.0092,0.0087 
"06","32","29","CA",28730,0.0404,0.0379 
"06","32","30","CA",592573,0.7925,0.7814 
"06","32","33","CA",109065,0.1506,0.1438 
"06","32","37","CA",20877,0.0289,0.0275 
"06","33","08","CA",57644,0.0762,0.0761 
"06","33","31","CA",558954,0.7389,0.7382 
"06","33","35","CA",140620,0.1901,0.1857 
"06","34","28","CA",7979,0.0112,0.0105 
"06","34","34","CA",650028,0.9241,0.8579 
"06","34","37","CA",4189,0.0058,0.0055 
"06","34","40","CA",95498,0.1384,0.126 
"06","35","27","CA",6564,0.0093,0.0086 
"06","35","31","CA",85099,0.1125,0.1116 
"06","35","35","CA",596658,0.8068,0.7827 
"06","35","39","CA",24501,0.0334,0.0321 
"06","35","41","CA",20,0,0 
"06","35","42","CA",49497,0.061,0.0649 
"06","36","33","CA",491593,0.679,0.6483 
"06","36","37","CA",162472,0.225,0.2143 
"06","36","43","CA",104159,0.1432,0.1374 
"06","37","34","CA",41856,0.0595,0.0554 
"06","37","37","CA",520271,0.7204,0.6888 
"06","37","40","CA",159596,0.2312,0.2113 
"06","37","43","CA",33594,0.0462,0.0445 
"06","38","35","CA",2298,0.0031,0.003 
"06","38","38","CA",484308,0.6856,0.6392 
"06","38","39","CA",255421,0.3487,0.3371 
"06","38","40","CA",15696,0.0227,0.0207 
"06","39","41","CA",739507,0.9818,0.9775 
"06","39","42","CA",17004,0.0209,0.0225 
"06","40","39","CA",153061,0.2089,0.2016 
"06","40","42","CA",10910,0.0134,0.0144 
"06","40","45","CA",500242,0.6146,0.659 
"06","40","46","CA",39702,0.0565,0.0523 
"06","40","48","CA",52176,0.0724,0.0687 
"06","40","49","CA",2953,0.0039,0.0039 
"06","41","36","CA",182850,0.2391,0.24 
"06","41","41","CA",13711,0.0182,0.018 
"06","41","42","CA",565226,0.6964,0.742 
"06","42","38","CA",65446,0.0926,0.0865 
"06","42","40","CA",365251,0.5292,0.4826 
"06","42","44","CA",35826,0.0504,0.0473 
"06","42","47","CA",290361,0.4063,0.3836 
"06","43","33","CA",112,0.0002,0.0001 
"06","43","37","CA",1172,0.0016,0.0016 
"06","43","43","CA",544210,0.748,0.7209 
"06","43","44","CA",209381,0.2948,0.2774 
"06","44","33","CA",27562,0.0381,0.0364 
"06","44","38","CA",38467,0.0545,0.0508 
"06","44","40","CA",54170,0.0785,0.0715 
"06","44","43","CA",45570,0.0626,0.0601 
"06","44","44","CA",465151,0.6548,0.6137 
"06","44","47","CA",127031,0.1777,0.1676 
"06","45","38","CA",98655,0.1397,0.1301 
"06","45","39","CA",237050,0.3236,0.3125 
"06","45","46","CA",47095,0.067,0.0621 
"06","45","47","CA",256435,0.3588,0.3381 
"06","45","48","CA",119316,0.1656,0.1573 
"06","46","39","CA",62532,0.0854,0.0825 
"06","46","46","CA",615999,0.8765,0.813 
"06","46","47","CA",40844,0.0572,0.0539 
"06","46","48","CA",38268,0.0531,0.0505 
"06","47","45","CA",313743,0.3854,0.4133 
"06","47","48","CA",445318,0.6182,0.5867 
"06","48","36","CA",2343,0.0031,0.0031 
"06","48","42","CA",165899,0.2044,0.2187 
"06","48","49","CA",188,0.0003,0.0002 
"06","48","50","CA",504993,0.667,0.6657 
"06","48","51","CA",15434,0.0217,0.0203 
"06","48","52","CA",49768,0.0652,0.0656 
"06","48","53","CA",19992,0.0262,0.0264 
"06","49","45","CA",10,0,0 
"06","49","48","CA",65255,0.0906,0.086 
"06","49","49","CA",691856,0.9224,0.9121 
"06","49","50","CA",1395,0.0018,0.0018 
"06","50","49","CA",55052,0.0734,0.0725 
"06","50","50","CA",195173,0.2578,0.257 
"06","50","51","CA",70,0.0001,0.0001 
"06","50","52","CA",407741,0.5344,0.537 
"06","50","53","CA",101296,0.1325,0.1334 
"06","51","50","CA",55549,0.0734,0.0733 
"06","51","51","CA",195,0.0003,0.0003 
"06","51","52","CA",305462,0.4004,0.4029 
"06","51","53","CA",396995,0.5194,0.5236 
"06","52","51","CA",515191,0.725,0.6768 
"06","52","53","CA",245996,0.3219,0.3232 
"08","01","01","CO",721638,0.8583,0.9999 
"08","01","06","CO",76,0.0001,0.0001 
"08","02","02","CO",543012,0.6549,0.7524 
"08","02","03","CO",57632,0.076,0.0799 
"08","02","04","CO",120888,0.1389,0.1675 
"08","02","07","CO",188,0.0002,0.0003 
"08","03","03","CO",688485,0.908,0.9539 
"08","03","04","CO",33245,0.0382,0.0461 
"08","04","02","CO",107329,0.1294,0.1487 
"08","04","04","CO",468238,0.5379,0.6487 
"08","04","05","CO",8059,0.0097,0.0112 
"08","04","06","CO",138168,0.1654,0.1914 
"08","05","05","CO",721714,0.8671,1 
"08","06","01","CO",107475,0.1278,0.1489 
"08","06","02","CO",854,0.001,0.0012 
"08","06","04","CO",131,0.0002,0.0002 
"08","06","06","CO",613221,0.7339,0.8497 
"08","07","01","CO",11618,0.0138,0.0161 
"08","07","02","CO",160777,0.1939,0.2228 
"08","07","03","CO",12140,0.016,0.0168 
"08","07","05","CO",102604,0.1233,0.1422 
"08","07","07","CO",434558,0.5384,0.6021 
"08","08","02","CO",17151,0.0207,0.0238 
"08","08","04","CO",248035,0.2849,0.3437 
"08","08","06","CO",84129,0.1007,0.1166 
"08","08","07","CO",372349,0.4613,0.516 
"09","01","01","CT",696479,0.9703,0.9656 
"09","01","03","CT",19798,0.0276,0.0274 
"09","01","05","CT",5024,0.0069,0.007 
"09","02","01","CT",21287,0.0297,0.0295 
"09","02","02","CT",700451,1,0.9705 
"09","03","03","CT",696677,0.9724,0.9645 
"09","03","04","CT",25627,0.0343,0.0355 
"09","04","04","CT",721189,0.9657,1 
"09","05","05","CT",723730,0.9931,1 
"10","00","00","DE",989948,1,1 
"11","98","98","DC",689545,1,1 
"12","01","01","FL",769221,0.9521,1 
"12","02","01","FL",38660,0.0479,0.0503 
"12","02","02","FL",488934,0.6717,0.6356 
"12","02","05","FL",241627,0.3226,0.3141 
"12","03","02","FL",238922,0.3283,0.3106 
"12","03","03","FL",428678,0.5595,0.5573 
"12","03","05","FL",53916,0.072,0.0701 
"12","03","11","FL",47705,0.0581,0.062 
"12","04","03","FL",218245,0.2849,0.2837 
"12","04","04","FL",203219,0.2331,0.2642 
"12","04","05","FL",347757,0.4644,0.4521 
"12","05","04","FL",663376,0.7609,0.8624 
"12","05","05","FL",105610,0.141,0.1373 
"12","05","06","FL",235,0.0003,0.0003 
"12","06","03","FL",119210,0.1556,0.155 
"12","06","04","FL",5289,0.0061,0.0069 
"12","06","06","FL",490500,0.616,0.6377 
"12","06","11","FL",154222,0.1879,0.2005 
"12","07","06","FL",298365,0.3747,0.3879 
"12","07","07","FL",470856,0.5971,0.6121 
"12","08","08","FL",769221,0.9815,1 
"12","09","07","FL",12183,0.0155,0.0158 
"12","09","08","FL",27,0,0 
"12","09","09","FL",549522,0.5751,0.7144 
"12","09","10","FL",198732,0.2274,0.2584 
"12","09","15","FL",8757,0.0107,0.0114 
"12","10","07","FL",305479,0.3874,0.3971 
"12","10","08","FL",14505,0.0185,0.0189 
"12","10","09","FL",105336,0.1102,0.1369 
"12","10","10","FL",343901,0.3936,0.4471 
"12","11","06","FL",7154,0.009,0.0093 
"12","11","09","FL",3252,0.0034,0.0042 
"12","11","10","FL",331171,0.379,0.4305 
"12","11","11","FL",270550,0.3296,0.3517 
"12","11","15","FL",157094,0.1916,0.2042 
"12","12","11","FL",348358,0.4244,0.4529 
"12","12","12","FL",420863,0.5214,0.5471 
"12","13","12","FL",231642,0.287,0.3011 
"12","13","13","FL",537579,0.739,0.6989 
"12","14","12","FL",4567,0.0057,0.0059 
"12","14","13","FL",189886,0.261,0.2469 
"12","14","14","FL",514836,0.6538,0.6693 
"12","14","15","FL",38219,0.0466,0.0497 
"12","14","16","FL",21713,0.0246,0.0282 
"12","15","12","FL",150065,0.1859,0.1951 
"12","15","14","FL",272611,0.3462,0.3544 
"12","15","15","FL",346545,0.4227,0.4505 
"12","16","15","FL",141252,0.1723,0.1836 
"12","16","16","FL",627969,0.7103,0.8164 
"12","17","16","FL",234365,0.2651,0.3047 
"12","17","17","FL",480692,0.6163,0.6249 
"12","17","19","FL",54164,0.0649,0.0704 
"12","18","09","FL",297492,0.3113,0.3867 
"12","18","15","FL",127986,0.1561,0.1664 
"12","18","17","FL",299263,0.3837,0.389 
"12","18","25","FL",44480,0.0577,0.0578 
"12","19","19","FL",754646,0.9038,0.9811 
"12","19","25","FL",14575,0.0189,0.0189 
"12","20","18","FL",40419,0.0509,0.0525 
"12","20","20","FL",563334,0.7257,0.7323 
"12","20","21","FL",467,0.0006,0.0006 
"12","20","22","FL",68781,0.0875,0.0894 
"12","20","23","FL",96220,0.1251,0.1251 
"12","21","18","FL",754305,0.9491,0.9806 
"12","21","20","FL",13586,0.0175,0.0177 
"12","21","21","FL",1330,0.0017,0.0017 
"12","22","20","FL",49857,0.0642,0.0648 
"12","22","21","FL",714573,0.9068,0.929 
"12","22","22","FL",4790,0.0061,0.0062 
"12","23","20","FL",13813,0.0178,0.018 
"12","23","21","FL",71637,0.0909,0.0931 
"12","23","22","FL",683771,0.8702,0.8889 
"12","24","20","FL",56729,0.0731,0.0737 
"12","24","23","FL",78350,0.1018,0.1019 
"12","24","24","FL",542531,0.7306,0.7053 
"12","24","27","FL",91611,0.1238,0.1191 
"12","25","20","FL",78964,0.1017,0.1027 
"12","25","22","FL",28414,0.0362,0.0369 
"12","25","23","FL",594786,0.7731,0.7732 
"12","25","24","FL",67057,0.0903,0.0872 
"12","26","19","FL",26202,0.0314,0.0341 
"12","26","24","FL",117061,0.1576,0.1522 
"12","26","25","FL",604826,0.784,0.7863 
"12","26","27","FL",21132,0.0286,0.0275 
"12","27","24","FL",15893,0.0214,0.0207 
"12","27","25","FL",54337,0.0704,0.0706 
"12","27","26","FL",71909,0.0913,0.0935 
"12","27","27","FL",627082,0.8476,0.8152 
"12","28","25","FL",53216,0.069,0.0692 
"12","28","26","FL",716005,0.9087,0.9308 
"13","01","01","GA",739028,0.9778,0.9659 
"13","01","12","GA",26109,0.0353,0.0341 
"13","02","02","GA",647722,0.9624,0.8465 
"13","02","03","GA",20569,0.027,0.0269 
"13","02","08","GA",96846,0.1345,0.1266 
"13","03","02","GA",1666,0.0025,0.0022 
"13","03","03","GA",677309,0.8876,0.8852 
"13","03","13","GA",56242,0.0709,0.0735 
"13","03","14","GA",29919,0.0411,0.0391 
"13","04","04","GA",362702,0.4688,0.474 
"13","04","05","GA",37107,0.0471,0.0485 
"13","04","06","GA",159255,0.208,0.2081 
"13","04","07","GA",206073,0.2398,0.2693 
"13","05","04","GA",61890,0.08,0.0809 
"13","05","05","GA",573894,0.7282,0.7501 
"13","05","06","GA",37025,0.0483,0.0484 
"13","05","13","GA",92328,0.1164,0.1207 
"13","06","05","GA",133584,0.1695,0.1746 
"13","06","06","GA",33579,0.0438,0.0439 
"13","06","11","GA",139848,0.1743,0.1828 
"13","06","13","GA",458125,0.5778,0.5987 
"13","07","06","GA",347886,0.4543,0.4547 
"13","07","07","GA",183316,0.2133,0.2396 
"13","07","09","GA",193054,0.249,0.2523 
"13","07","11","GA",40881,0.0509,0.0534 
"13","08","01","GA",16753,0.0222,0.0219 
"13","08","02","GA",23640,0.0351,0.0309 
"13","08","08","GA",623073,0.8655,0.8143 
"13","08","10","GA",43799,0.0565,0.0572 
"13","08","12","GA",57871,0.0783,0.0756 
"13","09","07","GA",273729,0.3185,0.3578 
"13","09","09","GA",443775,0.5723,0.58 
"13","09","10","GA",47631,0.0615,0.0623 
"13","10","03","GA",65197,0.0854,0.0852 
"13","10","04","GA",19504,0.0252,0.0255 
"13","10","09","GA",116733,0.1506,0.1526 
"13","10","10","GA",563703,0.7273,0.7367 
"13","11","06","GA",188048,0.2456,0.2458 
"13","11","09","GA",21805,0.0281,0.0285 
"13","11","11","GA",486327,0.606,0.6356 
"13","11","14","GA",68955,0.0946,0.0901 
"13","12","10","GA",110492,0.1426,0.1444 
"13","12","12","GA",654644,0.8863,0.8556 
"13","13","04","GA",329665,0.4261,0.4309 
"13","13","05","GA",43541,0.0552,0.0569 
"13","13","07","GA",196322,0.2284,0.2566 
"13","13","10","GA",9387,0.0121,0.0123 
"13","13","13","GA",186221,0.2349,0.2434 
"13","14","11","GA",135459,0.1688,0.177 
"13","14","14","GA",629677,0.8643,0.823 
"15","01","01","HI",726395,0.9953,1 
"15","02","01","HI",3436,0.0047,0.0047 
"15","02","02","HI",725440,1,0.9953 
"16","01","01","ID",919553,0.963,1 
"16","02","01","ID",35338,0.037,0.0384 
"16","02","02","ID",884215,1,0.9616 
"17","01","01","IL",515524,0.7303,0.684 
"17","01","02","IL",97181,0.143,0.1289 
"17","01","03","IL",73753,0.1016,0.0979 
"17","01","07","IL",19955,0.0261,0.0265 
"17","01","11","IL",19494,0.0276,0.0259 
"17","01","14","IL",16,0,0 
"17","01","16","IL",27754,0.0401,0.0368 
"17","02","01","IL",20064,0.0284,0.0266 
"17","02","02","IL",582447,0.857,0.7728 
"17","02","07","IL",3936,0.0051,0.0052 
"17","02","15","IL",88029,0.1294,0.1168 
"17","02","16","IL",59201,0.0855,0.0785 
"17","03","04","IL",326427,0.4673,0.4331 
"17","03","05","IL",149957,0.2017,0.199 
"17","03","06","IL",114188,0.1558,0.1515 
"17","03","07","IL",27479,0.0359,0.0365 
"17","03","08","IL",120167,0.1676,0.1594 
"17","03","14","IL",15459,0.0205,0.0205 
"17","04","01","IL",9923,0.0141,0.0132 
"17","04","03","IL",261049,0.3598,0.3464 
"17","04","04","IL",357271,0.5114,0.474 
"17","04","05","IL",72145,0.097,0.0957 
"17","04","06","IL",13822,0.0189,0.0183 
"17","04","07","IL",39467,0.0516,0.0524 
"17","05","04","IL",579,0.0008,0.0008 
"17","05","05","IL",435151,0.5853,0.5774 
"17","05","06","IL",103909,0.1418,0.1379 
"17","05","07","IL",30785,0.0403,0.0408 
"17","05","08","IL",10967,0.0153,0.0146 
"17","05","09","IL",128469,0.1731,0.1705 
"17","05","10","IL",43817,0.0604,0.0581 
"17","06","01","IL",122634,0.1737,0.1627 
"17","06","03","IL",311181,0.4288,0.4129 
"17","06","05","IL",28651,0.0385,0.038 
"17","06","06","IL",176737,0.2412,0.2345 
"17","06","08","IL",64714,0.0903,0.0859 
"17","06","11","IL",49760,0.0704,0.066 
"17","07","01","IL",34536,0.0489,0.0458 
"17","07","03","IL",23395,0.0322,0.031 
"17","07","04","IL",14293,0.0205,0.019 
"17","07","05","IL",38412,0.0517,0.051 
"17","07","07","IL",643041,0.8409,0.8532 
"17","08","05","IL",6176,0.0083,0.0082 
"17","08","06","IL",170700,0.233,0.2265 
"17","08","08","IL",500129,0.6975,0.6636 
"17","08","09","IL",48279,0.0651,0.0641 
"17","08","10","IL",4338,0.006,0.0058 
"17","08","14","IL",24055,0.0319,0.0319 
"17","09","05","IL",12957,0.0174,0.0172 
"17","09","06","IL",109138,0.1489,0.1448 
"17","09","08","IL",15890,0.0222,0.0211 
"17","09","09","IL",530785,0.7152,0.7043 
"17","09","10","IL",74767,0.1031,0.0992 
"17","09","14","IL",10140,0.0135,0.0135 
"17","10","08","IL",5123,0.0071,0.0068 
"17","10","09","IL",34623,0.0467,0.0459 
"17","10","10","IL",599085,0.8264,0.7949 
"17","10","14","IL",114846,0.1525,0.1524 
"17","11","03","IL",11927,0.0164,0.0158 
"17","11","06","IL",44251,0.0604,0.0587 
"17","11","10","IL",2939,0.0041,0.0039 
"17","11","11","IL",336300,0.4761,0.4462 
"17","11","14","IL",322394,0.428,0.4278 
"17","11","16","IL",35866,0.0518,0.0476 
"17","12","12","IL",401915,0.5955,0.5333 
"17","12","15","IL",351762,0.5171,0.4667 
"17","13","12","IL",270999,0.4016,0.3596 
"17","13","13","IL",422282,0.6071,0.5603 
"17","13","15","IL",4427,0.0065,0.0059 
"17","13","18","IL",55969,0.0798,0.0743 
"17","14","01","IL",3268,0.0046,0.0043 
"17","14","03","IL",44320,0.0611,0.0588 
"17","14","11","IL",300822,0.4259,0.3991 
"17","14","14","IL",251782,0.3343,0.3341 
"17","14","16","IL",153485,0.2216,0.2036 
"17","15","12","IL",1956,0.0029,0.0026 
"17","15","13","IL",213969,0.3076,0.2839 
"17","15","15","IL",236075,0.347,0.3132 
"17","15","17","IL",27070,0.0402,0.0359 
"17","15","18","IL",274607,0.3917,0.3644 
"17","16","13","IL",11593,0.0167,0.0154 
"17","16","14","IL",14503,0.0193,0.0192 
"17","16","16","IL",352741,0.5093,0.468 
"17","16","17","IL",106460,0.158,0.1413 
"17","16","18","IL",268380,0.3828,0.3561 
"17","17","13","IL",47739,0.0686,0.0633 
"17","17","16","IL",63505,0.0917,0.0843 
"17","17","17","IL",540240,0.8018,0.7168 
"17","17","18","IL",102192,0.1457,0.1356 
"18","01","01","IN",726991,0.9929,0.9642 
"18","01","02","IN",26956,0.0368,0.0358 
"18","02","01","IN",5211,0.0071,0.0069 
"18","02","02","IN",696266,0.9513,0.9235 
"18","02","03","IN",40231,0.053,0.0534 
"18","02","04","IN",12239,0.016,0.0162 
"18","03","02","IN",8659,0.0118,0.0115 
"18","03","03","IN",718683,0.947,0.9532 
"18","03","05","IN",9377,0.0117,0.0124 
"18","03","06","IN",17228,0.0238,0.0229 
"18","04","04","IN",670054,0.876,0.8887 
"18","04","05","IN",36298,0.0451,0.0481 
"18","04","09","IN",47595,0.0621,0.0631 
"18","05","04","IN",72787,0.0952,0.0965 
"18","05","05","IN",569257,0.7073,0.755 
"18","05","06","IN",111903,0.1547,0.1484 
"18","06","06","IN",368930,0.5099,0.4893 
"18","06","07","IN",223254,0.2836,0.2961 
"18","06","09","IN",161765,0.211,0.2146 
"18","07","05","IN",189937,0.236,0.2519 
"18","07","07","IN",564012,0.7164,0.7481 
"18","08","04","IN",9790,0.0128,0.013 
"18","08","08","IN",715369,1,0.9488 
"18","08","09","IN",28788,0.0376,0.0382 
"18","09","06","IN",225479,0.3116,0.2991 
"18","09","09","IN",528469,0.6894,0.7009 
"19","01","01","IA",56793,0.0728,0.0712 
"19","01","02","IA",688388,0.8765,0.8631 
"19","01","03","IA",52403,0.061,0.0657 
"19","02","01","IA",683282,0.8758,0.8567 
"19","02","04","IA",114307,0.1493,0.1433 
"19","03","02","IA",96965,0.1235,0.1216 
"19","03","03","IA",691815,0.8054,0.8674 
"19","03","04","IA",8771,0.0115,0.011 
"19","04","01","IA",40105,0.0514,0.0503 
"19","04","03","IA",114756,0.1336,0.1439 
"19","04","04","IA",642784,0.8393,0.8059 
"20","01","01","KS",602521,0.8598,0.8203 
"20","01","02","KS",131929,0.185,0.1796 
"20","01","04","KS",20,0,0 
"20","02","01","KS",95576,0.1364,0.1301 
"20","02","02","KS",526233,0.738,0.7165 
"20","02","03","KS",112661,0.1422,0.1534 
"20","03","02","KS",54845,0.0769,0.0747 
"20","03","03","KS",679625,0.8578,0.9253 
"20","04","01","KS",2676,0.0038,0.0036 
"20","04","04","KS",731794,1,0.9964 
"21","01","01","KY",652882,0.9079,0.8694 
"21","01","02","KY",42208,0.0542,0.0562 
"21","01","06","KY",55883,0.0713,0.0744 
"21","02","01","KY",66257,0.0921,0.0882 
"21","02","02","KY",652719,0.8383,0.8692 
"21","02","03","KY",8760,0.0116,0.0117 
"21","02","04","KY",23236,0.03,0.0309 
"21","03","03","KY",748092,0.9884,0.9962 
"21","03","04","KY",2881,0.0037,0.0038 
"21","04","02","KY",30667,0.0394,0.0408 
"21","04","04","KY",708185,0.9155,0.943 
"21","04","05","KY",2743,0.004,0.0037 
"21","04","06","KY",9378,0.012,0.0125 
"21","05","04","KY",39241,0.0507,0.0523 
"21","05","05","KY",690638,0.996,0.9197 
"21","05","06","KY",21094,0.0269,0.0281 
"21","06","02","KY",53054,0.0681,0.0706 
"21","06","06","KY",697918,0.8899,0.9294 
"22","01","01","LA",687127,0.8456,0.8851 
"22","01","02","LA",23484,0.0303,0.0303 
"22","01","05","LA",870,0.0012,0.0011 
"22","01","06","LA",64846,0.0794,0.0835 
"22","02","01","LA",27739,0.0341,0.0357 
"22","02","02","LA",646488,0.8339,0.8328 
"22","02","06","LA",102089,0.125,0.1315 
"22","03","01","LA",68401,0.0842,0.0881 
"22","03","03","LA",635614,0.8089,0.8188 
"22","03","06","LA",72272,0.0885,0.0931 
"22","04","03","LA",85486,0.1088,0.1101 
"22","04","04","LA",511373,0.7021,0.6587 
"22","04","05","LA",179443,0.2427,0.2312 
"22","05","01","LA",29318,0.0361,0.0378 
"22","05","05","LA",396927,0.5369,0.5113 
"22","05","06","LA",350040,0.4287,0.4509 
"22","06","02","LA",105320,0.1358,0.1357 
"22","06","03","LA",64724,0.0824,0.0834 
"22","06","04","LA",216973,0.2979,0.2795 
"22","06","05","LA",162004,0.2191,0.2087 
"22","06","06","LA",227219,0.2783,0.2927 
"23","01","01","ME",665795,0.9454,0.9774 
"23","01","02","ME",15384,0.0234,0.0226 
"23","02","01","ME",38416,0.0546,0.0564 
"23","02","02","ME",642764,0.9766,0.9436 
"24","01","01","MD",649234,0.8731,0.8402 
"24","01","02","MD",107967,0.1375,0.1397 
"24","01","07","MD",15547,0.0221,0.0201 
"24","02","01","MD",94377,0.1269,0.1224 
"24","02","02","MD",343288,0.4371,0.4453 
"24","02","03","MD",151718,0.196,0.1968 
"24","02","07","MD",94600,0.1344,0.1227 
"24","02","08","MD",86923,0.1108,0.1128 
"24","03","02","MD",123427,0.1572,0.1599 
"24","03","03","MD",307032,0.3966,0.3978 
"24","03","04","MD",147318,0.1844,0.1909 
"24","03","07","MD",173984,0.2472,0.2254 
"24","03","08","MD",19972,0.0255,0.0259 
"24","04","03","MD",36041,0.0466,0.0468 
"24","04","04","MD",511263,0.6399,0.6635 
"24","04","05","MD",223273,0.2807,0.2897 
"24","05","02","MD",28400,0.0362,0.0367 
"24","05","03","MD",33809,0.0437,0.0436 
"24","05","04","MD",140326,0.1756,0.1811 
"24","05","05","MD",572106,0.7193,0.7385 
"24","06","06","MD",636874,0.8045,0.8188 
"24","06","08","MD",140971,0.1797,0.1812 
"24","07","02","MD",182249,0.2321,0.2375 
"24","07","03","MD",165377,0.2136,0.2155 
"24","07","07","MD",419621,0.5963,0.5469 
"24","08","03","MD",80188,0.1036,0.1039 
"24","08","04","MD",18,0,0 
"24","08","06","MD",154745,0.1955,0.2006 
"24","08","08","MD",536576,0.684,0.6955 
"25","01","01","MA",711874,0.9745,0.9114 
"25","01","02","MA",69229,0.0887,0.0886 
"25","02","01","MA",18593,0.0255,0.0238 
"25","02","02","MA",685697,0.879,0.8779 
"25","02","03","MA",660,0.0008,0.0008 
"25","02","04","MA",31873,0.041,0.0408 
"25","02","05","MA",44278,0.0557,0.0567 
"25","03","02","MA",2554,0.0033,0.0033 
"25","03","03","MA",754773,0.9474,0.9663 
"25","03","06","MA",23775,0.0306,0.0304 
"25","04","02","MA",22574,0.0289,0.0289 
"25","04","04","MA",697329,0.8973,0.8927 
"25","04","05","MA",4401,0.0055,0.0056 
"25","04","08","MA",1082,0.0014,0.0014 
"25","04","09","MA",55717,0.0719,0.0713 
"25","05","03","MA",13491,0.0169,0.0173 
"25","05","04","MA",22187,0.0285,0.0284 
"25","05","05","MA",741227,0.9324,0.949 
"25","05","06","MA",696,0.0009,0.0009 
"25","05","07","MA",3500,0.0044,0.0045 
"25","06","03","MA",27740,0.0348,0.0355 
"25","06","06","MA",753361,0.9685,0.9645 
"25","07","05","MA",5060,0.0064,0.0065 
"25","07","07","MA",771009,0.964,0.9871 
"25","07","08","MA",5033,0.0063,0.0064 
"25","08","04","MA",25058,0.0322,0.0321 
"25","08","07","MA",25307,0.0316,0.0324 
"25","08","08","MA",730737,0.9152,0.9355 
"25","09","04","MA",690,0.0009,0.0009 
"25","09","08","MA",61606,0.0772,0.0789 
"25","09","09","MA",718806,0.9281,0.9202 
"26","01","01","MI",671739,0.9537,0.8663 
"26","01","04","MI",63397,0.0908,0.0818 
"26","01","05","MI",40239,0.06,0.0519 
"26","02","01","MI",32611,0.0463,0.0421 
"26","02","02","MI",178717,0.236,0.2306 
"26","02","03","MI",232313,0.3083,0.2998 
"26","02","04","MI",326570,0.468,0.4214 
"26","02","07","MI",4786,0.0067,0.0062 
"26","03","02","MI",388414,0.5129,0.5009 
"26","03","03","MI",387000,0.5135,0.4991 
"26","04","02","MI",190190,0.2511,0.2455 
"26","04","03","MI",87736,0.1164,0.1133 
"26","04","06","MI",496674,0.6882,0.6412 
"26","05","03","MI",46574,0.0618,0.0601 
"26","05","06","MI",224980,0.3118,0.2905 
"26","05","07","MI",502990,0.7032,0.6494 
"26","06","07","MI",103140,0.1442,0.133 
"26","06","11","MI",233077,0.3076,0.3006 
"26","06","12","MI",439056,0.5876,0.5663 
"26","07","04","MI",147222,0.211,0.1899 
"26","07","05","MI",203,0.0003,0.0003 
"26","07","07","MI",104389,0.1459,0.1347 
"26","07","08","MI",478766,0.6471,0.6176 
"26","07","11","MI",44658,0.0589,0.0576 
"26","08","04","MI",160665,0.2302,0.2072 
"26","08","05","MI",614564,0.9163,0.7928 
"26","09","05","MI",15697,0.0234,0.0203 
"26","09","08","MI",178791,0.2416,0.2307 
"26","09","10","MI",552582,0.762,0.713 
"26","09","11","MI",27892,0.0368,0.036 
"26","10","08","MI",82324,0.1113,0.1062 
"26","10","09","MI",513288,0.7125,0.6621 
"26","10","10","MI",172595,0.238,0.2226 
"26","10","11","MI",7011,0.0093,0.009 
"26","11","09","MI",192254,0.2669,0.2479 
"26","11","11","MI",349638,0.4614,0.4508 
"26","11","14","MI",233676,0.3379,0.3013 
"26","12","09","MI",14886,0.0207,0.0192 
"26","12","11","MI",95535,0.1261,0.1232 
"26","12","12","MI",109976,0.1472,0.1419 
"26","12","13","MI",412890,0.6121,0.5326 
"26","12","14","MI",141960,0.2053,0.1831 
"26","13","12","MI",198124,0.2652,0.2554 
"26","13","13","MI",261676,0.3879,0.3374 
"26","13","14","MI",315866,0.4568,0.4072 
"27","01","01","MN",642930,0.9308,0.9013 
"27","01","02","MN",70381,0.0962,0.0987 
"27","02","01","MN",40258,0.0583,0.0564 
"27","02","02","MN",661577,0.9038,0.9275 
"27","02","04","MN",11477,0.0158,0.0161 
"27","03","03","MN",671145,0.9095,0.9409 
"27","03","05","MN",22730,0.0309,0.0319 
"27","03","06","MN",19436,0.0265,0.0272 
"27","04","04","MN",713312,0.9819,1 
"27","05","03","MN",6,0,0 
"27","05","05","MN",713306,0.9691,1 
"27","06","03","MN",66747,0.0905,0.0936 
"27","06","06","MN",646565,0.8809,0.9064 
"27","07","01","MN",7538,0.0109,0.0106 
"27","07","06","MN",24252,0.033,0.034 
"27","07","07","MN",621075,0.9221,0.8707 
"27","07","08","MN",60447,0.0894,0.0847 
"27","08","04","MN",1687,0.0023,0.0024 
"27","08","06","MN",43704,0.0595,0.0613 
"27","08","07","MN",52439,0.0779,0.0735 
"27","08","08","MN",615482,0.9106,0.8629 
"28","01","01","MS",739345,0.9751,0.9987 
"28","01","03","MS",974,0.0013,0.0013 
"28","02","02","MS",673948,0.9992,0.9103 
"28","02","03","MS",66371,0.0884,0.0897 
"28","03","01","MS",18888,0.0249,0.0255 
"28","03","02","MS",543,0.0008,0.0007 
"28","03","03","MS",683694,0.9103,0.9235 
"28","03","04","MS",37195,0.0478,0.0502 
"28","04","04","MS",740321,0.9522,1 
"29","01","01","MO",692318,0.9686,0.8999 
"29","01","02","MO",77046,0.0991,0.1001 
"29","02","01","MO",22428,0.0314,0.0292 
"29","02","02","MO",548515,0.7053,0.7129 
"29","02","03","MO",198421,0.2466,0.2579 
"29","03","02","MO",107241,0.1379,0.1394 
"29","03","03","MO",447420,0.5562,0.5815 
"29","03","04","MO",136120,0.1751,0.1769 
"29","03","08","MO",78583,0.1093,0.1021 
"29","04","03","MO",15057,0.0187,0.0196 
"29","04","04","MO",588808,0.7576,0.7653 
"29","04","05","MO",107139,0.1359,0.1393 
"29","04","06","MO",26841,0.0344,0.0349 
"29","04","07","MO",31519,0.0398,0.041 
"29","05","05","MO",651788,0.8268,0.8472 
"29","05","06","MO",117576,0.1505,0.1528 
"29","06","03","MO",59574,0.0741,0.0774 
"29","06","04","MO",43824,0.0564,0.057 
"29","06","05","MO",29378,0.0373,0.0382 
"29","06","06","MO",636588,0.8151,0.8274 
"29","07","04","MO",8465,0.0109,0.011 
"29","07","07","MO",760900,0.9602,0.989 
"29","08","02","MO",44891,0.0577,0.0583 
"29","08","03","MO",84013,0.1044,0.1092 
"29","08","08","MO",640460,0.8907,0.8325 
"30","01","00","MT",542112,0.5,1 
"30","02","00","MT",542113,0.5,1 
"31","01","01","NE",584386,0.8857,0.8938 
"31","01","02","NE",69436,0.0991,0.1062 
"31","02","01","NE",22278,0.0338,0.0341 
"31","02","02","NE",631569,0.9009,0.9659 
"31","03","01","NE",53152,0.0806,0.0813 
"31","03","03","NE",600683,1,0.9187 
"32","01","01","NV",399260,0.5681,0.516 
"32","01","03","NV",343896,0.402,0.4444 
"32","01","04","NV",30602,0.0389,0.0395 
"32","02","02","NV",758819,1,0.9761 
"32","02","04","NV",18598,0.0236,0.0239 
"32","03","01","NV",179222,0.255,0.2312 
"32","03","03","NV",508079,0.5939,0.6553 
"32","03","04","NV",87998,0.1118,0.1135 
"32","04","01","NV",124340,0.1769,0.1598 
"32","04","02","NV",1,0,0 
"32","04","03","NV",3553,0.0042,0.0046 
"32","04","04","NV",650246,0.8258,0.8356 
"33","01","01","NH",688764,0.9871,1 
"33","02","01","NH",8973,0.0129,0.013 
"33","02","02","NH",679792,1,0.987 
"34","01","01","NJ",737308,0.9791,0.9554 
"34","01","02","NJ",34436,0.047,0.0446 
"34","02","01","NJ",15751,0.0209,0.0202 
"34","02","02","NJ",695993,0.9502,0.8934 
"34","02","03","NJ",67312,0.0891,0.0864 
"34","03","02","NJ",2048,0.0028,0.0026 
"34","03","03","NJ",432394,0.572,0.5558 
"34","03","04","NJ",233058,0.2922,0.2996 
"34","03","06","NJ",41502,0.0542,0.0533 
"34","03","12","NJ",69022,0.0878,0.0887 
"34","04","03","NJ",256167,0.3389,0.3314 
"34","04","04","NJ",494902,0.6205,0.6403 
"34","04","06","NJ",21900,0.0286,0.0283 
"34","05","05","NJ",603593,0.8078,0.7806 
"34","05","09","NJ",150486,0.1899,0.1946 
"34","05","11","NJ",19139,0.0251,0.0248 
"34","06","04","NJ",69648,0.0873,0.09 
"34","06","06","NJ",692791,0.9056,0.8953 
"34","06","12","NJ",11329,0.0144,0.0146 
"34","07","05","NJ",80562,0.1078,0.104 
"34","07","07","NJ",558490,0.7348,0.7213 
"34","07","10","NJ",45696,0.056,0.059 
"34","07","11","NJ",57901,0.076,0.0748 
"34","07","12","NJ",31645,0.0403,0.0409 
"34","08","08","NJ",724806,0.8824,0.9384 
"34","08","10","NJ",47560,0.0583,0.0616 
"34","09","05","NJ",63042,0.0844,0.0817 
"34","09","08","NJ",34464,0.042,0.0446 
"34","09","09","NJ",641835,0.8101,0.8313 
"34","09","11","NJ",32719,0.0429,0.0424 
"34","10","07","NJ",69666,0.0917,0.0901 
"34","10","08","NJ",23905,0.0291,0.0309 
"34","10","10","NJ",624660,0.7655,0.8075 
"34","10","11","NJ",55305,0.0726,0.0715 
"34","11","07","NJ",40170,0.0529,0.0519 
"34","11","08","NJ",38222,0.0465,0.0494 
"34","11","10","NJ",98092,0.1202,0.1269 
"34","11","11","NJ",596779,0.7833,0.7718 
"34","12","06","NJ",8831,0.0115,0.0114 
"34","12","07","NJ",91732,0.1207,0.1184 
"34","12","12","NJ",674133,0.8575,0.8702 
"35","01","01","NM",528092,0.7603,0.7482 
"35","01","02","NM",55518,0.0778,0.0787 
"35","01","03","NM",122222,0.1724,0.1732 
"35","02","01","NM",166485,0.2397,0.2359 
"35","02","02","NM",518069,0.7256,0.734 
"35","02","03","NM",21292,0.03,0.0302 
"35","03","02","NM",140435,0.1967,0.199 
"35","03","03","NM",565409,0.7976,0.801 
"36","01","01","NY",584370,0.7893,0.7521 
"36","01","03","NY",192601,0.2606,0.2479 
"36","02","01","NY",155949,0.2107,0.2007 
"36","02","02","NY",621022,0.8529,0.7993 
"36","03","02","NY",76100,0.1045,0.0979 
"36","03","03","NY",546596,0.7394,0.7035 
"36","03","04","NY",94052,0.1252,0.121 
"36","03","05","NY",19865,0.0255,0.0256 
"36","03","06","NY",40358,0.0525,0.0519 
"36","04","02","NY",31034,0.0426,0.0399 
"36","04","04","NY",657380,0.8748,0.8461 
"36","04","05","NY",88557,0.1137,0.114 
"36","05","05","NY",670310,0.8607,0.8627 
"36","05","06","NY",48054,0.0625,0.0618 
"36","05","07","NY",14528,0.019,0.0187 
"36","05","08","NY",44079,0.0548,0.0567 
"36","06","05","NY",48,0.0001,0.0001 
"36","06","06","NY",626822,0.8149,0.8067 
"36","06","14","NY",150102,0.2001,0.1932 
"36","07","06","NY",54013,0.0702,0.0695 
"36","07","07","NY",395403,0.5183,0.5089 
"36","07","08","NY",103016,0.1281,0.1326 
"36","07","12","NY",158389,0.1951,0.2039 
"36","07","14","NY",66151,0.0882,0.0851 
"36","08","07","NY",303,0.0004,0.0004 
"36","08","08","NY",592964,0.7372,0.7632 
"36","08","09","NY",117631,0.1556,0.1514 
"36","08","11","NY",66073,0.0862,0.085 
"36","09","08","NY",47287,0.0588,0.0609 
"36","09","09","NY",562353,0.744,0.7238 
"36","09","10","NY",138792,0.1727,0.1786 
"36","09","11","NY",28539,0.0372,0.0367 
"36","10","07","NY",352026,0.4615,0.4531 
"36","10","08","NY",17054,0.0212,0.0219 
"36","10","09","NY",75858,0.1004,0.0976 
"36","10","10","NY",224647,0.2795,0.2891 
"36","10","12","NY",107387,0.1323,0.1382 
"36","11","07","NY",573,0.0008,0.0007 
"36","11","10","NY",104774,0.1303,0.1348 
"36","11","11","NY",671624,0.8765,0.8644 
"36","12","10","NY",305013,0.3795,0.3926 
"36","12","12","NY",471772,0.5812,0.6072 
"36","12","13","NY",186,0.0003,0.0002 
"36","13","10","NY",30577,0.038,0.0394 
"36","13","12","NY",1302,0.0016,0.0017 
"36","13","13","NY",683108,0.9277,0.8792 
"36","13","15","NY",60809,0.0792,0.0783 
"36","13","16","NY",1175,0.0015,0.0015 
"36","14","12","NY",72838,0.0897,0.0937 
"36","14","14","NY",447526,0.5967,0.576 
"36","14","15","NY",256606,0.3344,0.3303 
"36","15","13","NY",53054,0.0721,0.0683 
"36","15","14","NY",86246,0.115,0.111 
"36","15","15","NY",449920,0.5863,0.5791 
"36","15","16","NY",187751,0.2437,0.2416 
"36","16","16","NY",581475,0.7548,0.7484 
"36","16","17","NY",195497,0.256,0.2516 
"36","17","17","NY",568254,0.744,0.7314 
"36","17","18","NY",196241,0.2622,0.2526 
"36","17","19","NY",12476,0.0179,0.0161 
"36","18","18","NY",552201,0.7378,0.7107 
"36","18","19","NY",224770,0.3217,0.2893 
"36","19","19","NY",393103,0.5626,0.5059 
"36","19","20","NY",24140,0.0323,0.0311 
"36","19","22","NY",253988,0.3646,0.3269 
"36","19","23","NY",105740,0.1525,0.1361 
"36","20","19","NY",22984,0.0329,0.0296 
"36","20","20","NY",714687,0.9577,0.9198 
"36","20","21","NY",39300,0.0557,0.0506 
"36","21","19","NY",45340,0.0649,0.0584 
"36","21","20","NY",7463,0.01,0.0096 
"36","21","21","NY",583690,0.8279,0.7512 
"36","21","22","NY",140478,0.2017,0.1808 
"36","22","22","NY",247505,0.3553,0.3186 
"36","22","24","NY",529466,0.7381,0.6814 
"36","23","22","NY",10374,0.0149,0.0134 
"36","23","23","NY",462412,0.6668,0.5951 
"36","23","27","NY",304185,0.4224,0.3915 
"36","24","21","NY",82051,0.1164,0.1056 
"36","24","22","NY",44265,0.0635,0.057 
"36","24","23","NY",125357,0.1808,0.1613 
"36","24","24","NY",187841,0.2619,0.2418 
"36","24","27","NY",337457,0.4686,0.4343 
"36","25","25","NY",733041,1,0.9435 
"36","25","27","NY",43930,0.061,0.0565 
"36","26","26","NY",742451,1,0.9556 
"36","26","27","NY",34520,0.0479,0.0444 
"37","01","1","NC",569629,0.8286,0.7639 
"37","01","3","NC",164131,0.2201,0.2201 
"37","01","4","NC",11897,0.0136,0.016 
"37","01","7","NC",13,0,0 
"37","02","2","NC",583238,0.639,0.7822 
"37","02","4","NC",162432,0.1851,0.2178 
"37","03","1","NC",117837,0.1714,0.158 
"37","03","3","NC",581731,0.7799,0.7801 
"37","03","7","NC",46103,0.056,0.0618 
"37","04","13","NC",42,0.0001,0.0001 
"37","04","2","NC",231946,0.2541,0.3111 
"37","04","4","NC",513674,0.5854,0.6889 
"37","04","8","NC",9,0,0 
"37","05","10","NC",206888,0.2667,0.2775 
"37","05","11","NC",4,0,0 
"37","05","13","NC",6,0,0 
"37","05","5","NC",274693,0.3673,0.3684 
"37","05","6","NC",264080,0.3271,0.3542 
"37","06","10","NC",29960,0.0386,0.0402 
"37","06","12","NC",66,0.0001,0.0001 
"37","06","13","NC",358310,0.4643,0.4805 
"37","06","6","NC",256032,0.3171,0.3434 
"37","06","8","NC",101303,0.1234,0.1359 
"37","07","3","NC",9,0,0 
"37","07","7","NC",515714,0.6261,0.6916 
"37","07","8","NC",191522,0.2333,0.2568 
"37","07","9","NC",38426,0.0489,0.0515 
"37","08","12","NC",38059,0.0423,0.051 
"37","08","8","NC",212774,0.2592,0.2853 
"37","08","9","NC",494838,0.6292,0.6636 
"37","09","10","NC",27,0,0 
"37","09","13","NC",335325,0.4345,0.4497 
"37","09","4","NC",15887,0.0181,0.0213 
"37","09","6","NC",99562,0.1233,0.1335 
"37","09","8","NC",178189,0.217,0.239 
"37","09","9","NC",116681,0.1484,0.1565 
"37","10","10","NC",538723,0.6946,0.7225 
"37","10","13","NC",2593,0.0034,0.0035 
"37","10","5","NC",16703,0.0223,0.0224 
"37","10","6","NC",187651,0.2324,0.2517 
"37","11","11","NC",745649,0.9533,1 
"37","11","5","NC",21,0,0 
"37","12","12","NC",668094,0.7424,0.896 
"37","12","9","NC",77576,0.0986,0.104 
"37","13","13","NC",75414,0.0977,0.1011 
"37","13","2","NC",97568,0.1069,0.1308 
"37","13","4","NC",173560,0.1978,0.2328 
"37","13","7","NC",261923,0.318,0.3513 
"37","13","8","NC",137205,0.1671,0.184 
"37","14","-","NC",13,1,0 
"37","14","10","NC",25,0,0 
"37","14","11","NC",36564,0.0467,0.049 
"37","14","12","NC",193700,0.2152,0.2598 
"37","14","5","NC",456423,0.6103,0.6121 
"37","14","8","NC",20,0,0 
"37","14","9","NC",58926,0.0749,0.079 
"38","00","00","ND",779094,1,1 
"39","01","01","OH",546669,0.7113,0.695 
"39","01","02","OH",239961,0.3266,0.305 
"39","02","02","OH",430367,0.5857,0.5471 
"39","02","06","OH",177720,0.2586,0.2259 
"39","02","15","OH",178542,0.233,0.227 
"39","03","03","OH",539259,0.666,0.6855 
"39","03","12","OH",159655,0.1974,0.203 
"39","03","15","OH",87716,0.1145,0.1115 
"39","04","04","OH",369753,0.5163,0.47 
"39","04","05","OH",31767,0.0435,0.0404 
"39","04","07","OH",102547,0.1391,0.1304 
"39","04","12","OH",282563,0.3493,0.3592 
"39","05","04","OH",244059,0.3408,0.3103 
"39","05","05","OH",297047,0.4063,0.3776 
"39","05","07","OH",120549,0.1635,0.1532 
"39","05","08","OH",17724,0.0238,0.0225 
"39","05","09","OH",107251,0.1523,0.1363 
"39","06","06","OH",428682,0.6239,0.545 
"39","06","07","OH",144800,0.1964,0.1841 
"39","06","13","OH",203489,0.2913,0.2587 
"39","06","16","OH",9659,0.0131,0.0123 
"39","07","07","OH",73679,0.0999,0.0937 
"39","07","09","OH",113384,0.161,0.1441 
"39","07","11","OH",37741,0.0545,0.048 
"39","07","14","OH",51046,0.0699,0.0649 
"39","07","16","OH",510780,0.6911,0.6493 
"39","08","01","OH",221881,0.2887,0.2821 
"39","08","02","OH",64465,0.0877,0.082 
"39","08","08","OH",500283,0.6709,0.636 
"39","09","04","OH",70422,0.0983,0.0895 
"39","09","05","OH",402238,0.5502,0.5113 
"39","09","09","OH",313970,0.4459,0.3991 
"39","10","08","OH",81355,0.1091,0.1034 
"39","10","10","OH",705275,0.9669,0.8966 
"39","11","09","OH",169446,0.2407,0.2154 
"39","11","11","OH",560772,0.8097,0.7129 
"39","11","14","OH",56412,0.0773,0.0717 
"39","12","06","OH",80716,0.1175,0.1026 
"39","12","07","OH",152802,0.2072,0.1942 
"39","12","12","OH",286499,0.3542,0.3642 
"39","12","15","OH",266613,0.3479,0.3389 
"39","13","07","OH",142963,0.1939,0.1817 
"39","13","11","OH",94076,0.1358,0.1196 
"39","13","13","OH",222859,0.3191,0.2833 
"39","13","14","OH",138217,0.1893,0.1757 
"39","13","16","OH",188515,0.2551,0.2396 
"39","14","13","OH",272093,0.3896,0.3459 
"39","14","14","OH",484381,0.6635,0.6158 
"39","14","16","OH",30156,0.0408,0.0383 
"39","15","03","OH",270490,0.334,0.3439 
"39","15","04","OH",31943,0.0446,0.0406 
"39","15","08","OH",146374,0.1963,0.1861 
"39","15","10","OH",24130,0.0331,0.0307 
"39","15","12","OH",80227,0.0992,0.102 
"39","15","15","OH",233466,0.3047,0.2968 
"40","01","01","OK",758164,0.9149,0.9574 
"40","01","02","OK",690,0.001,0.0009 
"40","01","03","OK",33017,0.042,0.0417 
"40","02","01","OK",70483,0.0851,0.089 
"40","02","02","OK",721388,0.999,0.911 
"40","03","01","OK",30,0,0 
"40","03","03","OK",589538,0.7508,0.7445 
"40","03","04","OK",21541,0.027,0.0272 
"40","03","05","OK",180762,0.2191,0.2283 
"40","04","04","OK",761773,0.9539,0.962 
"40","04","05","OK",30097,0.0365,0.038 
"40","05","03","OK",162636,0.2071,0.2054 
"40","05","04","OK",15238,0.0191,0.0192 
"40","05","05","OK",613996,0.7444,0.7754 
"41","01","01","OR",578179,0.6691,0.8187 
"41","01","03","OR",100640,0.1183,0.1425 
"41","01","05","OR",27390,0.0323,0.0388 
"41","02","02","OR",653012,0.7674,0.9247 
"41","02","04","OR",53197,0.0646,0.0753 
"41","03","02","OR",23977,0.0282,0.034 
"41","03","03","OR",676128,0.7944,0.9574 
"41","03","05","OR",6104,0.0072,0.0086 
"41","04","04","OR",642858,0.7805,0.9103 
"41","04","05","OR",63350,0.0747,0.0897 
"41","05","01","OR",30,0,0 
"41","05","02","OR",173982,0.2045,0.2464 
"41","05","03","OR",74310,0.0873,0.1052 
"41","05","04","OR",127553,0.1549,0.1806 
"41","05","05","OR",330334,0.3898,0.4678 
"41","06","01","OR",285843,0.3308,0.4048 
"41","06","05","OR",420369,0.496,0.5952 
"42","01","01","PA",713282,0.9736,0.9326 
"42","01","04","PA",51584,0.0684,0.0674 
"42","02","02","PA",733054,1,0.9584 
"42","02","03","PA",31811,0.0423,0.0416 
"42","03","03","PA",720246,0.9577,0.9417 
"42","03","04","PA",19,0,0 
"42","03","05","PA",44599,0.061,0.0583 
"42","04","01","PA",19364,0.0264,0.0253 
"42","04","04","PA",624540,0.8276,0.8165 
"42","04","09","PA",120961,0.1713,0.1581 
"42","05","04","PA",78453,0.104,0.1026 
"42","05","05","PA",686413,0.939,0.8974 
"42","06","06","PA",752938,1,0.9844 
"42","06","09","PA",11926,0.0169,0.0156 
"42","07","07","PA",692643,0.9287,0.9056 
"42","07","08","PA",7473,0.0105,0.0098 
"42","07","09","PA",64749,0.0917,0.0847 
"42","08","07","PA",53139,0.0713,0.0695 
"42","08","08","PA",704423,0.9879,0.921 
"42","08","09","PA",7304,0.0103,0.0095 
"42","09","08","PA",1190,0.0017,0.0016 
"42","09","09","PA",501306,0.7098,0.6554 
"42","09","12","PA",262368,0.382,0.343 
"42","10","10","PA",735826,0.9688,0.962 
"42","10","11","PA",7387,0.0099,0.0097 
"42","10","13","PA",21651,0.0312,0.0283 
"42","11","10","PA",23660,0.0312,0.0309 
"42","11","11","PA",741204,0.9901,0.9691 
"42","12","14","PA",110935,0.1609,0.145 
"42","12","18","PA",653929,0.9307,0.855 
"42","13","12","PA",115494,0.1682,0.151 
"42","13","13","PA",561355,0.8079,0.7339 
"42","13","15","PA",88015,0.1305,0.1151 
"42","14","13","PA",111807,0.1609,0.1462 
"42","14","14","PA",578654,0.8391,0.7565 
"42","14","15","PA",74405,0.1103,0.0973 
"42","15","12","PA",308920,0.4498,0.4039 
"42","15","15","PA",455944,0.6761,0.5961 
"42","16","15","PA",55961,0.083,0.0732 
"42","16","16","PA",688028,1,0.8995 
"42","16","17","PA",20876,0.0283,0.0273 
"42","17","17","PA",716180,0.9717,0.9363 
"42","17","18","PA",48684,0.0693,0.0637 
"44","01","01","RI",546128,0.9852,0.9964 
"44","01","02","RI",1950,0.0036,0.0036 
"44","02","01","RI",8179,0.0148,0.0149 
"44","02","02","RI",541122,0.9964,0.9851 
"45","01","01","SC",678404,0.8284,0.9278 
"45","01","06","SC",52799,0.0817,0.0722 
"45","02","02","SC",707432,0.9801,0.9675 
"45","02","06","SC",23771,0.0368,0.0325 
"45","03","03","SC",692784,0.9802,0.9475 
"45","03","04","SC",7111,0.0094,0.0097 
"45","03","05","SC",31309,0.0425,0.0428 
"45","04","03","SC",14001,0.0198,0.0191 
"45","04","04","SC",717203,0.9434,0.9809 
"45","05","04","SC",35919,0.0472,0.0491 
"45","05","05","SC",694939,0.9438,0.9504 
"45","05","06","SC",346,0.0005,0.0005 
"45","06","01","SC",140489,0.1716,0.1921 
"45","06","02","SC",14397,0.0199,0.0197 
"45","06","05","SC",10038,0.0136,0.0137 
"45","06","06","SC",565994,0.8755,0.7741 
"45","06","07","SC",286,0.0004,0.0004 
"45","07","06","SC",3553,0.0055,0.0049 
"45","07","07","SC",727650,0.9996,0.9951 
"46","00","00","SD",886667,1,1 
"47","01","01","TN",726822,1,0.9465 
"47","01","02","TN",41049,0.053,0.0535 
"47","02","02","TN",732785,0.947,0.9543 
"47","02","03","TN",35086,0.0475,0.0457 
"47","03","03","TN",687471,0.9309,0.8953 
"47","03","04","TN",80400,0.0968,0.1047 
"47","04","04","TN",635478,0.7649,0.8276 
"47","04","06","TN",57889,0.0714,0.0754 
"47","04","07","TN",74505,0.0906,0.097 
"47","05","04","TN",108811,0.131,0.1417 
"47","05","05","TN",346457,0.4329,0.4512 
"47","05","06","TN",112307,0.1385,0.1463 
"47","05","07","TN",200296,0.2436,0.2608 
"47","06","03","TN",15969,0.0216,0.0208 
"47","06","04","TN",6158,0.0074,0.008 
"47","06","05","TN",188668,0.2358,0.2457 
"47","06","06","TN",557076,0.6868,0.7255 
"47","07","05","TN",265122,0.3313,0.3453 
"47","07","06","TN",83827,0.1033,0.1092 
"47","07","07","TN",418834,0.5093,0.5454 
"47","07","08","TN",88,0.0001,0.0001 
"47","08","07","TN",128734,0.1565,0.1677 
"47","08","08","TN",637367,0.8897,0.83 
"47","08","09","TN",1770,0.0026,0.0023 
"47","09","08","TN",78892,0.1101,0.1027 
"47","09","09","TN",688979,0.9974,0.8973 
"48","01","01","TX",555174,0.7686,0.7238 
"48","01","04","TX",211813,0.2691,0.2762 
"48","02","02","TX",264821,0.3251,0.3453 
"48","02","08","TX",382026,0.4169,0.4981 
"48","02","18","TX",41090,0.0516,0.0536 
"48","02","36","TX",79050,0.1014,0.1031 
"48","03","03","TX",561979,0.6023,0.7327 
"48","03","04","TX",140042,0.1779,0.1826 
"48","03","32","TX",64966,0.0823,0.0847 
"48","04","03","TX",294509,0.3157,0.384 
"48","04","04","TX",421285,0.5351,0.5493 
"48","04","26","TX",51193,0.0543,0.0667 
"48","05","01","TX",16141,0.0223,0.021 
"48","05","04","TX",14116,0.0179,0.0184 
"48","05","05","TX",479400,0.6122,0.625 
"48","05","32","TX",257330,0.3259,0.3355 
"48","06","05","TX",108334,0.1383,0.1412 
"48","06","06","TX",356841,0.4325,0.4653 
"48","06","17","TX",12511,0.0155,0.0163 
"48","06","24","TX",65772,0.0799,0.0858 
"48","06","25","TX",83797,0.099,0.1093 
"48","06","33","TX",139732,0.1939,0.1822 
"48","07","02","TX",96982,0.119,0.1264 
"48","07","07","TX",262847,0.3282,0.3427 
"48","07","09","TX",257829,0.3345,0.3362 
"48","07","18","TX",8898,0.0112,0.0116 
"48","07","22","TX",140431,0.1444,0.1831 
"48","08","02","TX",14344,0.0176,0.0187 
"48","08","07","TX",231116,0.2886,0.3013 
"48","08","08","TX",325528,0.3552,0.4244 
"48","08","10","TX",145876,0.1555,0.1902 
"48","08","36","TX",50123,0.0643,0.0654 
"48","09","02","TX",4379,0.0054,0.0057 
"48","09","07","TX",50584,0.0632,0.066 
"48","09","09","TX",505685,0.6561,0.6593 
"48","09","14","TX",6806,0.0088,0.0089 
"48","09","18","TX",29562,0.0371,0.0385 
"48","09","22","TX",133151,0.1369,0.1736 
"48","09","29","TX",36820,0.0513,0.048 
"48","10","08","TX",42723,0.0466,0.0557 
"48","10","10","TX",279373,0.2978,0.3642 
"48","10","17","TX",277843,0.3449,0.3623 
"48","10","21","TX",601,0.0007,0.0008 
"48","10","25","TX",117248,0.1385,0.1529 
"48","10","31","TX",49199,0.0527,0.0641 
"48","11","11","TX",570685,0.7319,0.7441 
"48","11","25","TX",67519,0.0798,0.088 
"48","11","31","TX",128783,0.1379,0.1679 
"48","12","06","TX",34722,0.0421,0.0453 
"48","12","12","TX",718405,0.831,0.9367 
"48","12","24","TX",9198,0.0112,0.012 
"48","12","26","TX",71,0.0001,0.0001 
"48","12","33","TX",4591,0.0064,0.006 
"48","13","12","TX",680,0.0008,0.0009 
"48","13","13","TX",629009,0.8891,0.8201 
"48","13","26","TX",137298,0.1456,0.179 
"48","14","14","TX",681614,0.8799,0.8887 
"48","14","22","TX",565,0.0006,0.0007 
"48","14","36","TX",84808,0.1088,0.1106 
"48","15","15","TX",527191,0.6527,0.6874 
"48","15","28","TX",186725,0.239,0.2435 
"48","15","34","TX",53071,0.0746,0.0692 
"48","16","16","TX",720471,0.9513,0.9394 
"48","16","23","TX",46515,0.0557,0.0606 
"48","17","01","TX",151048,0.2091,0.1969 
"48","17","08","TX",102253,0.1116,0.1333 
"48","17","10","TX",7403,0.0079,0.0097 
"48","17","17","TX",419449,0.5207,0.5469 
"48","17","31","TX",86834,0.093,0.1132 
"48","18","02","TX",153179,0.188,0.1997 
"48","18","18","TX",607268,0.762,0.7918 
"48","18","29","TX",6540,0.0091,0.0085 
"48","19","11","TX",46849,0.0601,0.0611 
"48","19","13","TX",9090,0.0128,0.0119 
"48","19","19","TX",711048,0.9721,0.9271 
"48","20","20","TX",635137,0.8226,0.8281 
"48","20","21","TX",20470,0.0241,0.0267 
"48","20","23","TX",104457,0.1252,0.1362 
"48","20","35","TX",6923,0.0083,0.009 
"48","21","20","TX",12096,0.0157,0.0158 
"48","21","21","TX",602532,0.7105,0.7856 
"48","21","23","TX",4466,0.0054,0.0058 
"48","21","25","TX",63798,0.0754,0.0832 
"48","21","28","TX",9476,0.0121,0.0124 
"48","21","35","TX",74619,0.0896,0.0973 
"48","22","07","TX",27610,0.0345,0.036 
"48","22","09","TX",7284,0.0094,0.0095 
"48","22","10","TX",54111,0.0577,0.0706 
"48","22","14","TX",14686,0.019,0.0191 
"48","22","22","TX",585471,0.6021,0.7633 
"48","22","27","TX",77825,0.1052,0.1015 
"48","23","16","TX",36891,0.0487,0.0481 
"48","23","20","TX",92900,0.1203,0.1211 
"48","23","21","TX",2134,0.0025,0.0028 
"48","23","23","TX",633614,0.7591,0.8261 
"48","23","28","TX",1448,0.0019,0.0019 
"48","24","05","TX",19766,0.0252,0.0258 
"48","24","12","TX",65587,0.0759,0.0855 
"48","24","24","TX",372695,0.453,0.4859 
"48","24","26","TX",176455,0.1871,0.2301 
"48","24","32","TX",132452,0.1677,0.1727 
"48","24","33","TX",32,0,0 
"48","25","06","TX",346164,0.4196,0.4513 
"48","25","11","TX",162160,0.208,0.2114 
"48","25","12","TX",50048,0.0579,0.0653 
"48","25","13","TX",8472,0.012,0.011 
"48","25","19","TX",20376,0.0279,0.0266 
"48","25","25","TX",170312,0.2012,0.2221 
"48","25","33","TX",9455,0.0131,0.0123 
"48","26","12","TX",26779,0.031,0.0349 
"48","26","13","TX",60899,0.0861,0.0794 
"48","26","24","TX",101220,0.123,0.132 
"48","26","26","TX",578089,0.613,0.7537 
"48","27","10","TX",2264,0.0024,0.003 
"48","27","27","TX",661872,0.8948,0.863 
"48","27","34","TX",83678,0.1175,0.1091 
"48","27","35","TX",19173,0.023,0.025 
"48","28","15","TX",88626,0.1097,0.1156 
"48","28","20","TX",11216,0.0145,0.0146 
"48","28","23","TX",45597,0.0546,0.0594 
"48","28","28","TX",478191,0.6121,0.6235 
"48","28","35","TX",143357,0.1722,0.1869 
"48","29","18","TX",110090,0.1381,0.1435 
"48","29","22","TX",9046,0.0093,0.0118 
"48","29","29","TX",647837,0.9032,0.8447 
"48","29","36","TX",14,0,0 
"48","30","05","TX",14977,0.0191,0.0195 
"48","30","06","TX",52650,0.0638,0.0686 
"48","30","30","TX",654868,0.8364,0.8538 
"48","30","32","TX",44492,0.0563,0.058 
"48","31","25","TX",158680,0.1875,0.2069 
"48","31","31","TX",608307,0.6515,0.7931 
"48","32","03","TX",76520,0.082,0.0998 
"48","32","05","TX",160639,0.2051,0.2094 
"48","32","24","TX",113363,0.1378,0.1478 
"48","32","30","TX",126039,0.161,0.1643 
"48","32","32","TX",290426,0.3678,0.3787 
"48","33","06","TX",34601,0.0419,0.0451 
"48","33","12","TX",3025,0.0035,0.0039 
"48","33","24","TX",160458,0.195,0.2092 
"48","33","30","TX",2069,0.0026,0.0027 
"48","33","33","TX",566834,0.7866,0.739 
"48","34","15","TX",191885,0.2376,0.2502 
"48","34","34","TX",575102,0.8079,0.7498 
"48","35","10","TX",58265,0.0621,0.076 
"48","35","20","TX",20754,0.0269,0.0271 
"48","35","21","TX",41202,0.0486,0.0537 
"48","35","25","TX",35895,0.0424,0.0468 
"48","35","28","TX",105436,0.135,0.1375 
"48","35","35","TX",505435,0.6072,0.659 
"48","36","14","TX",71580,0.0924,0.0933 
"48","36","22","TX",103645,0.1066,0.1351 
"48","36","29","TX",26058,0.0363,0.034 
"48","36","36","TX",565704,0.7255,0.7376 
"48","37","10","TX",197312,0.2104,0.2573 
"48","37","17","TX",95803,0.1189,0.1249 
"48","37","21","TX",181131,0.2136,0.2362 
"48","37","25","TX",149203,0.1763,0.1945 
"48","37","31","TX",60649,0.065,0.0791 
"48","37","35","TX",82889,0.0996,0.1081 
"48","38","02","TX",280999,0.3449,0.3664 
"48","38","07","TX",228754,0.2856,0.2982 
"48","38","08","TX",63856,0.0697,0.0833 
"48","38","10","TX",193378,0.2062,0.2521 
"49","01","01","UT",727350,0.9091,0.8893 
"49","01","02","UT",71517,0.0892,0.0874 
"49","01","04","UT",19037,0.0216,0.0233 
"49","02","02","UT",713118,0.8896,0.8719 
"49","02","04","UT",104786,0.1186,0.1281 
"49","03","01","UT",72747,0.0909,0.0889 
"49","03","03","UT",671181,0.8531,0.8206 
"49","03","04","UT",73976,0.0838,0.0904 
"49","04","02","UT",17001,0.0212,0.0208 
"49","04","03","UT",115533,0.1469,0.1413 
"49","04","04","UT",685370,0.776,0.838 
"50","00","00","VT",643077,1,1 
"51","01","01","VA",319599,0.3862,0.4075 
"51","01","02","VA",115713,0.1541,0.1475 
"51","01","04","VA",3428,0.0043,0.0044 
"51","01","07","VA",345516,0.4227,0.4406 
"51","02","02","VA",505165,0.6728,0.6432 
"51","02","03","VA",120802,0.1596,0.1538 
"51","02","04","VA",159471,0.2019,0.203 
"51","03","02","VA",129952,0.1731,0.1667 
"51","03","03","VA",635959,0.8404,0.8158 
"51","03","04","VA",13676,0.0173,0.0175 
"51","04","04","VA",613240,0.7764,0.7788 
"51","04","05","VA",15849,0.0214,0.0201 
"51","04","07","VA",158284,0.1936,0.201 
"51","05","01","VA",16840,0.0203,0.0214 
"51","05","05","VA",512004,0.6926,0.6492 
"51","05","06","VA",138207,0.181,0.1753 
"51","05","07","VA",121563,0.1487,0.1541 
"51","06","06","VA",583681,0.7646,0.7453 
"51","06","09","VA",65177,0.0935,0.0832 
"51","06","10","VA",134322,0.1517,0.1715 
"51","07","01","VA",346606,0.4188,0.4423 
"51","07","05","VA",34499,0.0467,0.044 
"51","07","07","VA",192056,0.235,0.2451 
"51","07","11","VA",210527,0.2612,0.2686 
"51","08","08","VA",715090,0.8958,0.912 
"51","08","10","VA",13711,0.0155,0.0175 
"51","08","11","VA",55292,0.0686,0.0705 
"51","09","05","VA",113301,0.1533,0.1441 
"51","09","06","VA",41513,0.0544,0.0528 
"51","09","09","VA",631578,0.9065,0.8031 
"51","10","01","VA",144561,0.1747,0.1843 
"51","10","05","VA",63558,0.086,0.081 
"51","10","10","VA",573487,0.6477,0.7312 
"51","10","11","VA",2669,0.0033,0.0034 
"51","11","08","VA",83167,0.1042,0.106 
"51","11","10","VA",163902,0.1851,0.2089 
"51","11","11","VA",537428,0.6669,0.6851 
"53","01","01","WA",488664,0.6188,0.633 
"53","01","02","WA",214508,0.2806,0.2778 
"53","01","09","WA",68859,0.089,0.0892 
"53","02","01","WA",173179,0.2193,0.2252 
"53","02","02","WA",547748,0.7166,0.7122 
"53","02","07","WA",48178,0.0603,0.0626 
"53","03","03","WA",750015,0.9706,0.9749 
"53","03","10","WA",19293,0.0246,0.0251 
"53","04","03","WA",22735,0.0294,0.0296 
"53","04","04","WA",728180,0.9685,0.9473 
"53","04","08","WA",17795,0.0228,0.0231 
"53","05","04","WA",23663,0.0315,0.0305 
"53","05","05","WA",751208,1,0.9695 
"53","06","06","WA",712370,0.9668,0.9212 
"53","06","08","WA",6636,0.0085,0.0086 
"53","06","09","WA",23797,0.0308,0.0308 
"53","06","10","WA",30475,0.0388,0.0394 
"53","07","07","WA",750157,0.9384,0.9747 
"53","07","09","WA",19506,0.0252,0.0253 
"53","08","01","WA",127897,0.1619,0.1661 
"53","08","02","WA",2110,0.0028,0.0027 
"53","08","08","WA",613090,0.7855,0.7964 
"53","08","09","WA",9768,0.0126,0.0127 
"53","08","10","WA",16982,0.0216,0.0221 
"53","09","07","WA",1055,0.0013,0.0014 
"53","09","08","WA",116294,0.149,0.1513 
"53","09","09","WA",651489,0.8423,0.8474 
"53","10","06","WA",24428,0.0332,0.0317 
"53","10","08","WA",26679,0.0342,0.0347 
"53","10","10","WA",718523,0.915,0.9336 
"54","01","01","WV",7408,0.0123,0.0083 
"54","01","02","WV",318068,0.5121,0.355 
"54","01","03","WV",570591,1,0.6368 
"54","02","01","WV",594636,0.9877,0.6624 
"54","02","02","WV",303013,0.4879,0.3376 
"55","01","01","WI",631331,0.8679,0.857 
"55","01","02","WI",45413,0.0575,0.0616 
"55","01","04","WI",48160,0.0693,0.0654 
"55","01","05","WI",11811,0.0161,0.016 
"55","02","02","WI",736715,0.9333,1 
"55","03","02","WI",7265,0.0092,0.0099 
"55","03","03","WI",729448,0.9944,0.9901 
"55","03","07","WI",3,0,0 
"55","04","04","WI",647235,0.9307,0.8785 
"55","04","05","WI",87787,0.1193,0.1192 
"55","04","06","WI",1692,0.0023,0.0023 
"55","05","01","WI",96121,0.1321,0.1305 
"55","05","05","WI",635923,0.8645,0.8632 
"55","05","06","WI",4671,0.0064,0.0063 
"55","06","05","WI",50,0.0001,0.0001 
"55","06","06","WI",721411,0.9913,0.9792 
"55","06","08","WI",15253,0.0203,0.0207 
"55","07","03","WI",4136,0.0056,0.0056 
"55","07","07","WI",732579,1,0.9944 
"55","08","08","WI",736714,0.9797,1 
"56","00","00","WY",576851,1,1 
"72","98","98","PR",3285874,1,1 
