"state","cd117","cd118","stab","pop20","IntPtLat","IntPtLon","afact2","afact"
"State code","Congressional district code (117th Congress)","Congressional district code (118th Congress)","State abbr.","Total population (2020 Census)","Weighted centroid latitude","Weighted centroid west longitude","cd118-to-cd117 allocation factor","cd117-to-cd118 allocation factor"
"01","01","01","AL",717754,30.694874,-87.975264,1,0.988266 
"01","01","02","AL",739,31.132344,-86.817891,0.00103,0.001018 
"01","01","07","AL",7783,31.597948,-87.862099,0.010844,0.010716 
"01","02","02","AL",674947,31.833554,-85.988359,0.940358,0.973295 
"01","02","07","AL",18519,32.355824,-86.321913,0.025801,0.026705 
"01","03","02","AL",41867,32.349639,-86.122027,0.05833,0.056952 
"01","03","03","AL",693265,33.135827,-85.698284,0.965881,0.943048 
"01","04","03","AL",1697,34.392725,-85.546578,0.002364,0.002414 
"01","04","04","AL",674218,34.166246,-86.865248,0.939344,0.959083 
"01","04","05","AL",185,34.498965,-86.054153,0.000258,0.000263 
"01","04","06","AL",5012,34.154279,-86.426477,0.006983,0.00713 
"01","04","07","AL",21870,33.242984,-87.547789,0.03047,0.03111 
"01","05","04","AL",43533,34.845028,-87.69773,0.060652,0.057197 
"01","05","05","AL",717569,34.721089,-86.728922,0.999742,0.942802 
"01","06","03","AL",22792,32.903721,-86.386376,0.031755,0.03077 
"01","06","06","AL",650382,33.440326,-86.749865,0.906135,0.878052 
"01","06","07","AL",67536,33.445099,-86.959669,0.094094,0.091177 
"01","07","02","AL",202,32.361897,-86.277827,0.000281,0.000304 
"01","07","04","AL",3,33.26708,-87.628484,4E-6,5E-6 
"01","07","06","AL",62360,33.607773,-86.71228,0.086882,0.093829 
"01","07","07","AL",602046,33.021685,-87.201507,0.838791,0.905862 
"02","00","00","AK",733391,61.408891,-149.024038,1,1 
"04","01","02","AZ",511992,34.561999,-111.047942,0.64433,0.672921 
"04","01","06","AZ",243055,32.609455,-110.933898,0.305879,0.319452 
"04","01","07","AZ",5803,32.876104,-112.000524,0.007303,0.007627 
"04","02","06","AZ",545263,32.112065,-110.756243,0.686201,0.732409 
"04","02","07","AZ",199215,32.067488,-110.748983,0.250707,0.26759 
"04","03","03","AZ",78345,33.471503,-112.258341,0.098595,0.100758 
"04","03","06","AZ",6293,32.170848,-110.931653,0.00792,0.008093 
"04","03","07","AZ",581040,32.442922,-112.054142,0.731225,0.747266 
"04","03","09","AZ",111876,33.331216,-112.714367,0.140793,0.143882 
"04","04","01","AZ",1193,33.763881,-111.732635,0.001501,0.001483 
"04","04","02","AZ",282620,34.315291,-112.076721,0.35567,0.351376 
"04","04","05","AZ",157865,33.261573,-111.556411,0.198669,0.196271 
"04","04","07","AZ",1337,32.683058,-114.608971,0.001683,0.001662 
"04","04","08","AZ",7392,33.765381,-112.329796,0.009303,0.00919 
"04","04","09","AZ",353916,34.291076,-114.041721,0.445395,0.440017 
"04","05","01","AZ",4713,33.483601,-111.670067,0.005931,0.005349 
"04","05","04","AZ",239565,33.420644,-111.746672,0.301487,0.271916 
"04","05","05","AZ",636747,33.310738,-111.725597,0.801331,0.722734 
"04","06","01","AZ",596142,33.628894,-111.952874,0.750231,0.758587 
"04","06","04","AZ",18,33.460802,-111.835255,0.000023,0.000023 
"04","06","08","AZ",189698,33.627744,-112.123343,0.238731,0.24139 
"04","07","01","AZ",26850,33.491839,-112.031153,0.03379,0.034059 
"04","07","03","AZ",680516,33.45401,-112.123505,0.856413,0.863235 
"04","07","04","AZ",1112,33.4456,-111.965601,0.001399,0.001411 
"04","07","07","AZ",7216,33.451087,-112.255142,0.009081,0.009154 
"04","07","08","AZ",30245,33.542142,-112.163438,0.038063,0.038366 
"04","07","09","AZ",42393,33.528021,-112.224866,0.053351,0.053776 
"04","08","08","AZ",550823,33.662611,-112.228983,0.693199,0.657895 
"04","08","09","AZ",286427,33.563156,-112.381538,0.360461,0.342104 
"04","09","01","AZ",165713,33.512731,-112.010753,0.208546,0.214701 
"04","09","03","AZ",35751,33.495009,-112.048145,0.044992,0.04632 
"04","09","04","AZ",553916,33.366449,-111.905375,0.697091,0.717664 
"04","09","08","AZ",16452,33.552621,-112.107037,0.020704,0.021316 
"05","01","01","AR",689147,35.517992,-91.108936,0.915799,0.961974 
"05","01","02","AR",24711,35.507218,-92.037731,0.032829,0.034494 
"05","01","04","AR",2530,34.421132,-91.858831,0.00336,0.003532 
"05","02","01","AR",8612,34.736104,-92.155377,0.011444,0.011193 
"05","02","02","AR",727999,34.88915,-92.33416,0.96717,0.946201 
"05","02","04","AR",32780,34.644489,-92.315335,0.043528,0.042605 
"05","03","01","AR",54750,36.27006,-92.961904,0.072757,0.065245 
"05","03","03","AR",713443,36.046176,-94.212076,0.947192,0.8502 
"05","03","04","AR",70954,35.335988,-93.169659,0.094218,0.084555 
"05","04","03","AR",39776,35.713827,-93.99474,0.052808,0.057932 
"05","04","04","AR",646822,34.162794,-93.111055,0.858895,0.942068 
"06","01","01","CA",547266,40.247127,-121.954129,0.715775,0.779631 
"06","01","03","CA",154689,39.243247,-121.015785,0.202306,0.220369 
"06","02","02","CA",718556,38.997141,-123.084057,0.938384,0.999467 
"06","02","04","CA",383,38.340469,-122.759269,0.000501,0.000533 
"06","03","01","CA",217312,39.192141,-121.722913,0.284225,0.285106 
"06","03","03","CA",12508,39.324559,-121.336549,0.016358,0.01641 
"06","03","04","CA",337929,38.550082,-121.941396,0.441658,0.443352 
"06","03","06","CA",28811,38.701694,-121.430413,0.038073,0.037799 
"06","03","07","CA",8500,38.255018,-121.533894,0.011212,0.011152 
"06","03","08","CA",157154,38.258452,-122.039692,0.207314,0.206181 
"06","04","03","CA",440698,38.844071,-121.050247,0.576355,0.573576 
"06","04","05","CA",317530,38.239509,-120.591792,0.415066,0.413271 
"06","04","20","CA",10105,36.938041,-119.470177,0.01324,0.013152 
"06","05","02","CA",47182,38.461076,-122.750287,0.061616,0.064817 
"06","05","04","CA",426825,38.411167,-122.560472,0.557841,0.586358 
"06","05","08","CA",230991,38.075034,-122.234618,0.304718,0.317327 
"06","05","10","CA",22928,38.00274,-122.105964,0.030158,0.031498 
"06","06","06","CA",358729,38.65272,-121.432053,0.474051,0.45527 
"06","06","07","CA",429219,38.52522,-121.474768,0.566162,0.54473 
"06","07","03","CA",124524,38.673346,-121.173451,0.162855,0.158396 
"06","07","06","CA",369190,38.625855,-121.312032,0.487875,0.469615 
"06","07","07","CA",292441,38.434733,-121.38493,0.385745,0.371989 
"06","08","03","CA",32211,37.41786,-118.557378,0.042126,0.042576 
"06","08","23","CA",653103,34.426288,-117.135445,0.855517,0.863268 
"06","08","25","CA",6979,34.673778,-114.543903,0.009071,0.009225 
"06","08","28","CA",6610,34.32897,-117.603818,0.008722,0.008737 
"06","08","33","CA",57644,34.115819,-117.204602,0.076126,0.076194 
"06","09","07","CA",27960,38.265715,-121.304633,0.036881,0.034775 
"06","09","08","CA",28775,37.995205,-121.802316,0.037959,0.035789 
"06","09","09","CA",553116,37.993351,-121.310573,0.725846,0.68794 
"06","09","10","CA",165475,37.962894,-121.730806,0.217654,0.20581 
"06","09","13","CA",28692,37.813916,-121.298704,0.037356,0.035686 
"06","10","05","CA",326749,37.660113,-120.936122,0.427117,0.425499 
"06","10","09","CA",208913,37.763488,-121.302292,0.274153,0.272051 
"06","10","13","CA",232257,37.561219,-120.997156,0.302389,0.30245 
"06","11","08","CA",341129,37.97156,-122.157864,0.450009,0.444249 
"06","11","10","CA",426748,37.911979,-122.037033,0.561314,0.55575 
"06","12","11","CA",710176,37.769616,-122.435022,0.935436,0.921098 
"06","12","15","CA",60834,37.720441,-122.417474,0.080144,0.078902 
"06","13","12","CA",758548,37.79944,-122.231045,1,0.972021 
"06","13","14","CA",21834,37.694937,-122.140229,0.028751,0.027979 
"06","14","11","CA",49016,37.728104,-122.468611,0.064563,0.06565 
"06","14","15","CA",632172,37.598257,-122.359092,0.832837,0.846711 
"06","14","16","CA",65433,37.564402,-122.469277,0.08623,0.087639 
"06","15","10","CA",145115,37.74345,-121.914186,0.190874,0.182142 
"06","15","14","CA",651596,37.650474,-121.998713,0.858022,0.817857 
"06","16","05","CA",3242,36.934751,-119.823812,0.004238,0.004314 
"06","16","13","CA",409466,37.184845,-120.45806,0.533109,0.544914 
"06","16","20","CA",2117,36.791293,-119.722078,0.002774,0.002817 
"06","16","21","CA",336607,36.75787,-119.792879,0.445054,0.447954 
"06","17","14","CA",85986,37.544616,-121.974667,0.113226,0.109795 
"06","17","16","CA",4862,37.296675,-122.019632,0.006407,0.006208 
"06","17","17","CA",691844,37.397452,-121.963967,0.911596,0.88341 
"06","17","18","CA",459,37.382345,-121.854855,0.000601,0.000586 
"06","18","15","CA",66052,37.469977,-122.226616,0.087018,0.088114 
"06","18","16","CA",533744,37.338802,-122.042515,0.703384,0.712018 
"06","18","17","CA",50943,37.314201,-121.969938,0.067124,0.067958 
"06","18","18","CA",7478,37.321529,-121.927551,0.009796,0.009976 
"06","18","19","CA",91404,37.141588,-121.978068,0.120499,0.121934 
"06","19","16","CA",154784,37.299456,-121.857439,0.203979,0.206964 
"06","19","17","CA",16150,37.345099,-121.915177,0.02128,0.021594 
"06","19","18","CA",330564,37.264904,-121.783793,0.433014,0.442003 
"06","19","19","CA",246379,37.269532,-121.803618,0.324805,0.329438 
"06","20","18","CA",424902,36.715695,-121.55619,0.556589,0.570455 
"06","20","19","CA",319945,36.792953,-121.891993,0.421788,0.429544 
"06","21","13","CA",97657,36.541277,-120.169137,0.127146,0.137132 
"06","21","20","CA",63392,36.297424,-119.733652,0.083059,0.089017 
"06","21","21","CA",108907,36.618939,-119.603014,0.143994,0.15293 
"06","21","22","CA",442181,35.641344,-119.230251,0.56527,0.620921 
"06","22","05","CA",117489,36.850836,-119.786835,0.153578,0.149137 
"06","22","20","CA",289166,36.63088,-119.545265,0.378879,0.367058 
"06","22","21","CA",307434,36.55876,-119.472455,0.406482,0.390247 
"06","22","22","CA",73704,36.202156,-119.291198,0.094221,0.093558 
"06","23","20","CA",398434,35.352665,-118.834086,0.522048,0.512961 
"06","23","21","CA",3380,36.357288,-119.06992,0.004469,0.004352 
"06","23","22","CA",266362,35.576575,-119.020288,0.340509,0.342926 
"06","23","23","CA",19301,35.109289,-117.92307,0.025283,0.024849 
"06","23","27","CA",89256,34.684522,-118.196656,0.117407,0.114912 
"06","24","19","CA",100817,35.577613,-120.698708,0.132908,0.136189 
"06","24","24","CA",638990,34.80071,-120.246716,0.835577,0.863181 
"06","24","26","CA",466,34.711761,-119.161116,0.000614,0.000629 
"06","25","23","CA",16710,34.598017,-117.834994,0.021889,0.022169 
"06","25","26","CA",119019,34.270456,-118.734671,0.156868,0.157904 
"06","25","27","CA",617493,34.516394,-118.313625,0.812248,0.819234 
"06","25","28","CA",4,34.429844,-117.920439,5E-6,5E-6 
"06","25","30","CA",9,34.411497,-118.257027,0.000012,0.000012 
"06","25","32","CA",509,34.273396,-118.535007,0.000671,0.000675 
"06","26","24","CA",125739,34.30747,-119.233797,0.164423,0.174326 
"06","26","26","CA",595548,34.221431,-119.033745,0.78494,0.825674 
"06","27","27","CA",176,34.422202,-118.112291,0.000232,0.000248 
"06","27","28","CA",663597,34.115213,-118.060595,0.875584,0.936316 
"06","27","30","CA",5731,34.164234,-118.161084,0.00756,0.008086 
"06","27","31","CA",32664,34.130721,-117.883422,0.043134,0.046088 
"06","27","35","CA",6564,34.116732,-117.668946,0.00861,0.009262 
"06","28","27","CA",2,34.431578,-118.348988,3E-6,3E-6 
"06","28","28","CA",49400,34.203029,-118.209281,0.065181,0.069288 
"06","28","29","CA",1088,34.301723,-118.37247,0.001436,0.001526 
"06","28","30","CA",647927,34.143084,-118.294087,0.854653,0.908779 
"06","28","32","CA",6568,34.102639,-118.380743,0.008661,0.009212 
"06","28","34","CA",7979,34.084042,-118.279129,0.010531,0.011191 
"06","29","27","CA",10742,34.269811,-118.478824,0.01413,0.015106 
"06","29","29","CA",669383,34.231865,-118.426792,0.883731,0.941305 
"06","29","30","CA",2267,34.274572,-118.36143,0.00299,0.003188 
"06","29","32","CA",28730,34.2249,-118.477543,0.037886,0.040401 
"06","30","27","CA",42558,34.282856,-118.524002,0.055981,0.056919 
"06","30","29","CA",86980,34.185904,-118.46372,0.114832,0.116331 
"06","30","30","CA",25584,34.163793,-118.344613,0.033747,0.034217 
"06","30","32","CA",592573,34.195245,-118.543839,0.781426,0.792533 
"06","31","23","CA",74287,34.056966,-117.217104,0.097311,0.098203 
"06","31","28","CA",38126,34.143079,-117.594187,0.050305,0.0504 
"06","31","33","CA",558954,34.120521,-117.356665,0.738168,0.738902 
"06","31","35","CA",85099,34.098204,-117.62728,0.111629,0.112495 
"06","32","31","CA",705027,34.08255,-117.933933,0.931021,1 
"06","33","26","CA",43685,34.147732,-118.711761,0.057577,0.060335 
"06","33","30","CA",52024,34.070752,-118.355752,0.068623,0.071852 
"06","33","32","CA",109065,34.068419,-118.53933,0.143824,0.150634 
"06","33","36","CA",491593,33.920654,-118.412927,0.648348,0.678957 
"06","33","43","CA",112,33.847073,-118.353159,0.000148,0.000155 
"06","33","44","CA",27562,33.774917,-118.30007,0.036364,0.038067 
"06","34","28","CA",154,34.124823,-118.177438,0.000203,0.000219 
"06","34","30","CA",11379,34.075975,-118.310577,0.01501,0.016177 
"06","34","34","CA",650028,34.069913,-118.241717,0.857903,0.9241 
"06","34","37","CA",41856,34.041798,-118.277676,0.055415,0.059504 
"06","35","33","CA",140620,34.100385,-117.42443,0.185706,0.190136 
"06","35","35","CA",596658,34.053553,-117.635632,0.782667,0.806756 
"06","35","38","CA",2298,34.028916,-117.778671,0.003033,0.003107 
"06","36","25","CA",579560,33.781973,-116.555294,0.753301,0.757839 
"06","36","41","CA",182850,33.770253,-116.47353,0.240028,0.239097 
"06","36","48","CA",2343,33.50267,-116.76391,0.003089,0.003064 
"06","37","30","CA",13196,34.058909,-118.347018,0.017406,0.018273 
"06","37","32","CA",20877,34.048113,-118.454219,0.027531,0.028908 
"06","37","34","CA",4189,34.050604,-118.32174,0.005529,0.005801 
"06","37","36","CA",162472,34.021049,-118.429381,0.21428,0.224975 
"06","37","37","CA",520271,34.01437,-118.333167,0.688811,0.72042 
"06","37","43","CA",1172,33.980716,-118.363161,0.001553,0.001623 
"06","38","31","CA",19567,34.050171,-118.046866,0.025839,0.027698 
"06","38","38","CA",484308,33.95262,-118.060592,0.639162,0.685558 
"06","38","42","CA",65446,33.859528,-118.106982,0.086468,0.092642 
"06","38","44","CA",38467,33.864111,-118.142383,0.050751,0.054452 
"06","38","45","CA",98655,33.85778,-118.065459,0.130057,0.13965 
"06","39","31","CA",4,34.022997,-117.983525,5E-6,5E-6 
"06","39","35","CA",24501,33.975412,-117.709226,0.032139,0.033445 
"06","39","38","CA",255421,33.98108,-117.905615,0.33709,0.348665 
"06","39","40","CA",153061,33.919852,-117.772042,0.20165,0.208937 
"06","39","45","CA",237050,33.885698,-117.922543,0.312504,0.323587 
"06","39","46","CA",62532,33.864382,-117.937578,0.082535,0.08536 
"06","40","34","CA",95498,34.025223,-118.165018,0.126038,0.138361 
"06","40","37","CA",159596,33.998899,-118.262813,0.211297,0.231228 
"06","40","38","CA",15696,33.957104,-118.112172,0.020715,0.022741 
"06","40","42","CA",365251,33.956984,-118.173236,0.482572,0.529187 
"06","40","44","CA",54170,33.897246,-118.163666,0.071469,0.078483 
"06","41","35","CA",20,34.026948,-117.554546,0.000026,0.000027 
"06","41","39","CA",739507,33.925133,-117.336607,0.977523,0.981771 
"06","41","41","CA",13711,33.88832,-117.426615,0.017998,0.018203 
"06","42","25","CA",3119,33.708982,-117.085303,0.004054,0.003843 
"06","42","35","CA",49497,33.968915,-117.574474,0.064928,0.060983 
"06","42","39","CA",17004,33.854343,-117.455537,0.022477,0.02095 
"06","42","40","CA",10910,33.87592,-117.637016,0.014373,0.013442 
"06","42","41","CA",565226,33.761702,-117.364846,0.741973,0.696387 
"06","42","48","CA",165899,33.560887,-117.164077,0.218686,0.204396 
"06","43","36","CA",104159,33.892414,-118.370096,0.137372,0.143167 
"06","43","37","CA",33594,33.959006,-118.283767,0.044477,0.046175 
"06","43","43","CA",544210,33.918074,-118.32538,0.720927,0.748021 
"06","43","44","CA",45570,33.829307,-118.298607,0.060123,0.062636 
"06","44","42","CA",35826,33.961393,-118.23473,0.047334,0.050434 
"06","44","43","CA",209381,33.910658,-118.233798,0.277372,0.294754 
"06","44","44","CA",465151,33.854591,-118.231545,0.613695,0.654812 
"06","45","40","CA",500242,33.693516,-117.716876,0.659042,0.614552 
"06","45","47","CA",313743,33.682461,-117.78396,0.41333,0.385436 
"06","45","49","CA",10,33.574484,-117.637922,0.000013,0.000012 
"06","46","40","CA",39702,33.804636,-117.842954,0.052305,0.056491 
"06","46","45","CA",47095,33.780268,-117.917088,0.062085,0.067011 
"06","46","46","CA",615999,33.786093,-117.90445,0.813046,0.876497 
"06","47","42","CA",290361,33.778883,-118.156885,0.383627,0.406286 
"06","47","44","CA",127031,33.822059,-118.180795,0.167598,0.177747 
"06","47","45","CA",256435,33.788682,-118.004988,0.338059,0.358815 
"06","47","46","CA",40844,33.800347,-117.992644,0.053909,0.057151 
"06","48","40","CA",52176,33.57927,-117.728598,0.068739,0.072433 
"06","48","45","CA",119316,33.729118,-117.957288,0.157295,0.16564 
"06","48","46","CA",38268,33.744334,-117.928108,0.050509,0.053125 
"06","48","47","CA",445318,33.667976,-117.94879,0.586669,0.618211 
"06","48","49","CA",65255,33.530837,-117.701047,0.08603,0.09059 
"06","49","40","CA",2953,33.55414,-117.662148,0.00389,0.003937 
"06","49","48","CA",188,33.317651,-117.25476,0.000248,0.000251 
"06","49","49","CA",691856,33.252112,-117.381119,0.912117,0.922414 
"06","49","50","CA",55052,32.990221,-117.178689,0.072501,0.073398 
"06","50","48","CA",504993,33.103261,-117.004671,0.665676,0.667001 
"06","50","49","CA",1395,33.284637,-117.222478,0.001839,0.001843 
"06","50","50","CA",195173,33.127631,-117.130474,0.257032,0.257787 
"06","50","51","CA",55549,32.798082,-116.9368,0.073264,0.07337 
"06","51","25","CA",179702,32.841599,-115.540167,0.233573,0.25289 
"06","51","48","CA",15434,32.655642,-116.618823,0.020345,0.02172 
"06","51","50","CA",70,32.745442,-117.118578,0.000092,0.000099 
"06","51","51","CA",195,32.744524,-117.056177,0.000257,0.000274 
"06","51","52","CA",515191,32.651363,-117.081656,0.676826,0.725017 
"06","52","48","CA",49768,32.972717,-117.040792,0.065604,0.065229 
"06","52","50","CA",407741,32.852398,-117.190673,0.536973,0.534412 
"06","52","51","CA",305462,32.874486,-117.137772,0.402877,0.400358 
"06","53","48","CA",19992,32.757461,-116.973727,0.026353,0.026158 
"06","53","50","CA",101296,32.743063,-117.146534,0.133401,0.132538 
"06","53","51","CA",396995,32.768095,-117.051047,0.523601,0.519437 
"06","53","52","CA",245996,32.655623,-117.009875,0.323174,0.321867 
"08","01","01","CO",721638,39.724562,-104.949877,0.999895,0.858346 
"08","01","06","CO",107475,39.610691,-105.04437,0.148923,0.127835 
"08","01","07","CO",11618,39.607636,-105.108922,0.016098,0.013819 
"08","02","02","CO",543012,40.200268,-105.275891,0.752386,0.654923 
"08","02","04","CO",107329,40.454491,-105.061546,0.148697,0.129449 
"08","02","06","CO",854,39.584329,-105.136309,0.001183,0.00103 
"08","02","07","CO",160777,39.753828,-105.170341,0.222776,0.193912 
"08","02","08","CO",17151,40.336599,-105.054773,0.023766,0.020686 
"08","03","02","CO",57632,40.018245,-106.80144,0.079854,0.076006 
"08","03","03","CO",688485,38.516222,-107.004002,0.953937,0.907983 
"08","03","07","CO",12140,38.814086,-105.949073,0.016821,0.01601 
"08","04","02","CO",120888,40.151114,-105.097351,0.1675,0.138866 
"08","04","03","CO",33245,37.659336,-104.026006,0.046063,0.038189 
"08","04","04","CO",468238,39.64147,-104.375184,0.648714,0.537872 
"08","04","06","CO",131,39.658597,-104.618565,0.000182,0.00015 
"08","04","08","CO",248035,40.308298,-104.793244,0.343699,0.284922 
"08","05","04","CO",8059,38.971766,-104.301446,0.011165,0.009682 
"08","05","05","CO",721714,38.87621,-104.756931,1,0.867052 
"08","05","07","CO",102604,38.664795,-105.409429,0.14217,0.123266 
"08","06","01","CO",76,39.689983,-104.898047,0.000105,0.000091 
"08","06","04","CO",138168,39.569721,-104.90373,0.191423,0.165353 
"08","06","06","CO",613221,39.654326,-104.836642,0.849712,0.733874 
"08","06","08","CO",84129,39.968624,-104.85537,0.116576,0.100682 
"08","07","02","CO",188,39.895854,-105.301213,0.00026,0.000233 
"08","07","07","CO",434558,39.766874,-105.113878,0.602133,0.538422 
"08","07","08","CO",372349,39.874363,-104.963274,0.515959,0.461344 
"09","01","01","CT",696367,41.75116,-72.722519,0.965581,0.970338 
"09","01","02","CT",21287,41.698083,-72.560824,0.029517,0.029662 
"09","02","02","CT",699901,41.627937,-72.24146,0.970483,1 
"09","03","01","CT",19798,41.57333,-72.686588,0.027452,0.027676 
"09","03","03","CT",695562,41.342198,-72.93958,0.964466,0.972324 
"09","04","03","CT",25627,41.299916,-73.11164,0.035534,0.034315 
"09","04","04","CT",721189,41.157298,-73.376699,1,0.965685 
"09","05","01","CT",5024,41.816038,-73.113287,0.006966,0.006908 
"09","05","05","CT",722278,41.589373,-73.090977,1,0.993092 
"10","00","00","DE",989948,39.333614,-75.548423,1,1 
"11","98","98","DC",689545,38.910168,-77.014003,1,1 
"12","01","01","FL",769221,30.521309,-86.958774,1,0.952146 
"12","01","02","FL",38660,30.661767,-86.010665,0.050259,0.047854 
"12","02","02","FL",488934,30.355421,-84.998015,0.635622,0.671745 
"12","02","03","FL",238922,29.712899,-82.703967,0.310602,0.328254 
"12","03","03","FL",428678,29.584771,-82.314172,0.557288,0.559535 
"12","03","04","FL",218245,30.087758,-81.80045,0.283722,0.284866 
"12","03","06","FL",119210,29.477909,-81.842251,0.154975,0.1556 
"12","04","04","FL",203219,30.487787,-81.658984,0.264188,0.23308 
"12","04","05","FL",663376,30.175021,-81.499525,0.8624,0.760853 
"12","04","06","FL",5289,29.815082,-81.384533,0.006876,0.006066 
"12","05","02","FL",241627,30.483,-84.255157,0.314119,0.322638 
"12","05","03","FL",53916,30.325039,-82.485257,0.070092,0.071993 
"12","05","04","FL",347757,30.314871,-81.730501,0.45209,0.464351 
"12","05","05","FL",105610,30.321259,-81.578248,0.137295,0.141018 
"12","06","05","FL",235,29.836085,-81.356039,0.000306,0.000295 
"12","06","06","FL",490500,29.246963,-81.260929,0.637658,0.616009 
"12","06","07","FL",298365,28.981837,-81.110147,0.387879,0.374711 
"12","06","11","FL",7154,28.797448,-81.539804,0.0093,0.008985 
"12","07","07","FL",470856,28.699166,-81.310084,0.61212,0.59714 
"12","07","09","FL",12183,28.505046,-81.352908,0.015838,0.01545 
"12","07","10","FL",305479,28.573839,-81.282906,0.397128,0.387409 
"12","08","08","FL",769221,28.111225,-80.640209,1,0.981458 
"12","08","09","FL",27,28.39331,-80.945356,0.000035,0.000034 
"12","08","10","FL",14505,28.526467,-81.093637,0.018857,0.018507 
"12","09","09","FL",549522,28.295763,-81.373392,0.714387,0.575053 
"12","09","10","FL",105336,28.525281,-81.20846,0.136938,0.11023 
"12","09","11","FL",3252,28.24685,-81.650127,0.004228,0.003403 
"12","09","18","FL",297492,28.03253,-81.664005,0.386744,0.311314 
"12","10","09","FL",198732,28.409068,-81.3886,0.258355,0.227433 
"12","10","10","FL",343901,28.541119,-81.441945,0.447077,0.393568 
"12","10","11","FL",331171,28.564092,-81.548379,0.430528,0.378999 
"12","11","03","FL",47705,29.039663,-82.213889,0.062017,0.058118 
"12","11","06","FL",154222,29.030384,-81.984053,0.200491,0.187884 
"12","11","11","FL",270550,28.789649,-81.916918,0.351719,0.329603 
"12","11","12","FL",348358,28.663933,-82.478557,0.452871,0.424395 
"12","12","12","FL",420863,28.270935,-82.587101,0.547129,0.521427 
"12","12","13","FL",231642,28.063487,-82.734115,0.301138,0.286992 
"12","12","14","FL",4567,28.15931,-82.574788,0.005937,0.005658 
"12","12","15","FL",150065,28.216836,-82.294684,0.195087,0.185923 
"12","13","13","FL",537579,27.866678,-82.752178,0.698861,0.738976 
"12","13","14","FL",189886,27.795854,-82.64721,0.246855,0.261024 
"12","14","14","FL",514836,27.989394,-82.508911,0.669295,0.653804 
"12","14","15","FL",272611,28.094337,-82.434601,0.354399,0.346196 
"12","15","09","FL",8757,28.314121,-81.662729,0.011384,0.010681 
"12","15","11","FL",157094,28.442088,-81.754959,0.204225,0.191612 
"12","15","14","FL",38219,27.922776,-82.364921,0.049685,0.046617 
"12","15","15","FL",346545,28.022275,-82.164505,0.450514,0.422692 
"12","15","16","FL",141252,27.904761,-82.281727,0.18363,0.172289 
"12","15","18","FL",127986,28.039353,-81.928672,0.166384,0.156108 
"12","16","14","FL",21713,27.747044,-82.430002,0.028227,0.024561 
"12","16","16","FL",627969,27.589747,-82.448746,0.81637,0.710334 
"12","16","17","FL",234365,27.309293,-82.492407,0.304678,0.265105 
"12","17","17","FL",480692,26.949549,-82.130244,0.624907,0.616307 
"12","17","18","FL",299263,27.515227,-81.555945,0.389047,0.383693 
"12","18","20","FL",40419,26.718586,-80.179273,0.052545,0.050859 
"12","18","21","FL",754305,27.121525,-80.258027,0.980609,0.949141 
"12","19","17","FL",54164,26.60904,-81.681177,0.070414,0.064866 
"12","19","19","FL",754646,26.48601,-81.863206,0.981052,0.903754 
"12","19","26","FL",26202,26.070953,-81.702173,0.034063,0.031379 
"12","20","20","FL",563334,26.367507,-80.214662,0.732343,0.725681 
"12","20","21","FL",13586,26.771357,-80.09739,0.017662,0.017501 
"12","20","22","FL",49857,26.661509,-80.12299,0.064815,0.064225 
"12","20","23","FL",13813,26.172716,-80.145126,0.017957,0.017794 
"12","20","24","FL",56729,25.984584,-80.243129,0.073749,0.073078 
"12","20","25","FL",78964,25.978639,-80.33831,0.102654,0.101721 
"12","21","20","FL",467,26.748375,-80.075944,0.000607,0.000593 
"12","21","21","FL",1330,26.777393,-80.035148,0.001729,0.001688 
"12","21","22","FL",714573,26.564204,-80.125296,0.928957,0.90681 
"12","21","23","FL",71637,26.354084,-80.20175,0.093129,0.090909 
"12","22","20","FL",68781,26.251035,-80.152329,0.089416,0.087535 
"12","22","22","FL",4790,26.416395,-80.11434,0.006227,0.006096 
"12","22","23","FL",683771,26.26823,-80.165604,0.888913,0.870208 
"12","22","25","FL",28414,26.096135,-80.1829,0.036939,0.036161 
"12","23","20","FL",96220,26.14456,-80.275066,0.125087,0.125066 
"12","23","24","FL",78350,25.937413,-80.130338,0.101856,0.101838 
"12","23","25","FL",594786,26.048651,-80.273193,0.773232,0.773096 
"12","24","24","FL",542531,25.900438,-80.205334,0.705299,0.73064 
"12","24","25","FL",67057,26.01065,-80.192517,0.087175,0.090307 
"12","24","26","FL",117061,25.875076,-80.258122,0.152181,0.157649 
"12","24","27","FL",15893,25.781622,-80.198476,0.020661,0.021403 
"12","25","18","FL",44480,26.693874,-81.238906,0.057825,0.057659 
"12","25","19","FL",14575,26.187756,-81.741046,0.018948,0.018893 
"12","25","26","FL",604826,25.981996,-80.729022,0.786283,0.784028 
"12","25","27","FL",54337,25.773556,-80.331911,0.070639,0.070436 
"12","25","28","FL",53216,25.771851,-80.381467,0.069182,0.068983 
"12","26","27","FL",71909,25.687117,-80.359615,0.093483,0.091265 
"12","26","28","FL",716005,25.5117,-80.522441,0.930818,0.908735 
"12","27","24","FL",91611,25.819414,-80.13416,0.119096,0.123828 
"12","27","26","FL",21132,25.792327,-80.233568,0.027472,0.028563 
"12","27","27","FL",627082,25.71706,-80.28108,0.815217,0.847608 
"13","01","01","GA",739028,31.70206,-81.467767,0.965877,0.977833 
"13","01","08","GA",16753,30.92614,-82.981266,0.021895,0.022166 
"13","02","02","GA",647722,32.079592,-84.337082,0.846544,0.962399 
"13","02","03","GA",1666,32.513377,-84.974405,0.002177,0.002475 
"13","02","08","GA",23640,32.082366,-83.777995,0.030896,0.035125 
"13","03","02","GA",20569,32.553058,-84.940861,0.026883,0.026955 
"13","03","03","GA",677309,33.260773,-84.712026,0.885214,0.887605 
"13","03","10","GA",65197,33.407892,-84.157077,0.08521,0.08544 
"13","04","04","GA",540040,33.713893,-84.127477,0.70581,0.697941 
"13","04","05","GA",16869,33.77126,-84.27706,0.022047,0.021801 
"13","04","07","GA",197348,33.849258,-84.090699,0.257925,0.25505 
"13","04","10","GA",19504,33.586412,-83.932071,0.025491,0.025207 
"13","05","04","GA",28730,33.827888,-84.327283,0.037549,0.036454 
"13","05","05","GA",663383,33.740864,-84.391311,0.867012,0.841722 
"13","05","13","GA",96013,33.609577,-84.352592,0.125485,0.121824 
"13","06","04","GA",196280,33.893716,-84.293651,0.25653,0.256309 
"13","06","05","GA",37711,33.916327,-84.376973,0.049287,0.049244 
"13","06","06","GA",404452,34.0335,-84.379458,0.528601,0.528148 
"13","06","07","GA",92558,34.035409,-84.21317,0.120969,0.120866 
"13","06","11","GA",34792,33.936934,-84.454362,0.045472,0.045433 
"13","07","06","GA",218071,34.149584,-84.151613,0.285009,0.253736 
"13","07","07","GA",435932,33.937524,-84.088183,0.569744,0.507228 
"13","07","09","GA",205437,34.041545,-84.009242,0.268497,0.239036 
"13","08","02","GA",96846,31.802871,-83.789987,0.126573,0.134523 
"13","08","08","GA",623073,31.859013,-83.499407,0.81433,0.865476 
"13","09","06","GA",94765,34.316186,-84.101072,0.123854,0.12222 
"13","09","09","GA",515409,34.478534,-83.761786,0.673616,0.664729 
"13","09","10","GA",143388,34.106989,-83.396087,0.187402,0.184929 
"13","09","11","GA",21805,34.453457,-84.386856,0.028498,0.028122 
"13","10","04","GA",85,33.601459,-83.812984,0.000111,0.00011 
"13","10","07","GA",39299,33.950575,-83.883814,0.051362,0.050708 
"13","10","08","GA",43799,33.085482,-83.243625,0.057243,0.056514 
"13","10","09","GA",44291,34.056577,-83.887896,0.057886,0.057149 
"13","10","10","GA",537046,33.739246,-83.618255,0.701897,0.692952 
"13","10","12","GA",110492,33.302055,-82.524176,0.144408,0.142568 
"13","11","05","GA",47174,33.868816,-84.395157,0.061654,0.058783 
"13","11","06","GA",47848,34.197746,-84.385316,0.062535,0.059623 
"13","11","11","GA",678876,34.067955,-84.599976,0.88726,0.845935 
"13","11","13","GA",10809,33.889131,-84.580754,0.014127,0.013469 
"13","11","14","GA",17808,33.927079,-84.684677,0.023274,0.02219 
"13","12","01","GA",26109,31.925727,-82.046564,0.034123,0.035348 
"13","12","08","GA",57871,31.600528,-82.777605,0.075635,0.07835 
"13","12","12","GA",654644,32.978296,-82.113051,0.855591,0.886302 
"13","13","03","GA",56242,33.628431,-84.710787,0.073506,0.070931 
"13","13","11","GA",18253,33.894525,-84.570452,0.023856,0.02302 
"13","13","13","GA",658315,33.627311,-84.477693,0.860388,0.830245 
"13","13","14","GA",60106,33.852397,-84.665949,0.078556,0.075804 
"13","14","03","GA",29919,33.760719,-85.18472,0.039103,0.041066 
"13","14","11","GA",11411,34.460366,-84.529948,0.014914,0.015663 
"13","14","14","GA",687221,34.435414,-85.036841,0.89817,0.943271 
"15","01","01","HI",726395,21.342686,-157.903842,1,0.995292 
"15","01","02","HI",3436,21.339783,-158.113573,0.004714,0.004708 
"15","02","02","HI",725440,20.880686,-157.071322,0.995286,1 
"16","01","01","ID",919553,45.163732,-116.601308,1,0.962992 
"16","01","02","ID",35338,43.622953,-116.327436,0.03843,0.037007 
"16","02","02","ID",884215,43.263403,-113.800142,0.96157,1 
"17","01","01","IL",515524,41.682292,-87.695539,0.684011,0.730257 
"17","01","02","IL",20064,41.751655,-87.617613,0.026621,0.028421 
"17","01","04","IL",9923,41.751579,-87.720147,0.013166,0.014056 
"17","01","06","IL",122634,41.634809,-87.777666,0.162714,0.173715 
"17","01","07","IL",34536,41.774048,-87.658013,0.045823,0.048921 
"17","01","14","IL",3268,41.416936,-88.095649,0.004336,0.004629 
"17","02","01","IL",97181,41.515914,-87.701942,0.128942,0.142991 
"17","02","02","IL",582447,41.527438,-87.647919,0.772807,0.857008 
"17","03","01","IL",73753,41.608114,-87.962077,0.097858,0.101641 
"17","03","04","IL",261049,41.792017,-87.746841,0.346367,0.359757 
"17","03","06","IL",311181,41.710599,-87.801006,0.412884,0.428845 
"17","03","07","IL",23395,41.830807,-87.641685,0.031041,0.032241 
"17","03","11","IL",11927,41.67531,-87.982572,0.015825,0.016437 
"17","03","14","IL",44320,41.596764,-88.091972,0.058805,0.061078 
"17","04","03","IL",326427,41.932105,-87.731267,0.433112,0.467279 
"17","04","04","IL",357271,41.842122,-87.748088,0.474037,0.511432 
"17","04","05","IL",579,41.940087,-87.711586,0.000768,0.000829 
"17","04","07","IL",14293,41.87614,-87.827692,0.018964,0.02046 
"17","05","03","IL",149957,41.947121,-87.802621,0.198967,0.201704 
"17","05","04","IL",72145,41.890529,-87.898366,0.095724,0.097041 
"17","05","05","IL",435151,41.952227,-87.703714,0.577371,0.585314 
"17","05","06","IL",28651,41.891741,-87.944909,0.038015,0.038538 
"17","05","07","IL",38412,41.889652,-87.710466,0.050966,0.051667 
"17","05","08","IL",6176,41.983327,-87.857193,0.008194,0.008307 
"17","05","09","IL",12957,41.967634,-87.67087,0.017192,0.017428 
"17","06","03","IL",114188,41.897302,-88.154065,0.151508,0.155836 
"17","06","04","IL",13822,41.796097,-87.938391,0.018339,0.018863 
"17","06","05","IL",103909,42.143847,-88.088036,0.137869,0.141808 
"17","06","06","IL",176737,41.817227,-88.019374,0.2345,0.241198 
"17","06","08","IL",170700,42.025415,-88.256619,0.22649,0.23296 
"17","06","09","IL",109138,42.203738,-88.253556,0.144807,0.148944 
"17","06","11","IL",44251,41.784121,-88.136705,0.058713,0.060391 
"17","07","01","IL",19955,41.834199,-87.614163,0.026477,0.026096 
"17","07","02","IL",3936,41.812948,-87.598238,0.005222,0.005147 
"17","07","03","IL",27479,41.903922,-87.729845,0.03646,0.035936 
"17","07","04","IL",39467,41.834513,-87.741568,0.052366,0.051614 
"17","07","05","IL",30785,41.901091,-87.627505,0.040846,0.04026 
"17","07","07","IL",643041,41.868849,-87.712863,0.853205,0.840947 
"17","08","03","IL",120167,41.971746,-88.078727,0.159441,0.167599 
"17","08","05","IL",10967,42.129119,-88.011362,0.014551,0.015296 
"17","08","06","IL",64714,41.877782,-87.992752,0.085864,0.090258 
"17","08","08","IL",500129,42.022445,-88.118455,0.663585,0.697539 
"17","08","09","IL",15890,42.13873,-87.966436,0.021083,0.022162 
"17","08","10","IL",5123,42.146258,-87.950607,0.006797,0.007145 
"17","09","05","IL",128469,42.046029,-87.906064,0.170456,0.173102 
"17","09","08","IL",48279,42.021806,-87.891397,0.064058,0.065052 
"17","09","09","IL",530785,42.023331,-87.721525,0.70426,0.715193 
"17","09","10","IL",34623,42.100908,-87.76128,0.045939,0.046652 
"17","10","05","IL",43817,42.058379,-87.867331,0.058138,0.060442 
"17","10","08","IL",4338,42.046887,-87.897936,0.005756,0.005984 
"17","10","09","IL",74767,42.101898,-87.891534,0.099203,0.103135 
"17","10","10","IL",599085,42.295648,-87.929869,0.794883,0.826385 
"17","10","11","IL",2939,42.335935,-88.188415,0.0039,0.004054 
"17","11","01","IL",19494,41.519657,-88.001253,0.025865,0.027597 
"17","11","06","IL",49760,41.756473,-87.992269,0.066023,0.070444 
"17","11","11","IL",336300,41.7451,-88.178645,0.446212,0.476092 
"17","11","14","IL",300822,41.602764,-88.191829,0.399139,0.425867 
"17","12","12","IL",401915,38.066445,-89.42715,0.533272,0.595544 
"17","12","13","IL",270999,38.663216,-90.063418,0.359569,0.401557 
"17","12","15","IL",1956,38.90848,-90.197628,0.002595,0.002898 
"17","13","13","IL",422282,39.681225,-89.114603,0.560296,0.60709 
"17","13","15","IL",213969,39.475847,-89.456769,0.2839,0.307611 
"17","13","16","IL",11593,40.452821,-89.013946,0.015382,0.016667 
"17","13","17","IL",47739,40.489926,-89.000289,0.063341,0.068632 
"17","14","01","IL",16,41.466919,-88.207327,0.000021,0.000021 
"17","14","03","IL",15459,41.848804,-88.203134,0.020511,0.020525 
"17","14","08","IL",24055,42.007125,-88.379991,0.031917,0.031937 
"17","14","09","IL",10140,42.257001,-88.136028,0.013454,0.013463 
"17","14","10","IL",114846,42.417693,-88.126374,0.152381,0.152478 
"17","14","11","IL",322394,42.109836,-88.360707,0.427761,0.428035 
"17","14","14","IL",251782,41.697314,-88.366105,0.334071,0.334285 
"17","14","16","IL",14503,42.419706,-88.606138,0.019243,0.019255 
"17","15","02","IL",88029,40.222413,-87.782561,0.116799,0.129399 
"17","15","12","IL",351762,38.523189,-88.528799,0.466728,0.517074 
"17","15","13","IL",4427,38.669116,-89.994043,0.005874,0.006507 
"17","15","15","IL",236075,39.391072,-88.746459,0.313231,0.347019 
"17","16","01","IL",27754,41.33888,-88.194286,0.036825,0.040075 
"17","16","02","IL",59201,40.812014,-88.188503,0.07855,0.085482 
"17","16","11","IL",35866,42.211988,-88.801581,0.047588,0.051788 
"17","16","14","IL",153485,41.570407,-88.896079,0.203648,0.221622 
"17","16","16","IL",352741,41.907952,-88.997641,0.468027,0.509335 
"17","16","17","IL",63505,42.277542,-89.031096,0.08426,0.091697 
"17","17","15","IL",27070,40.801137,-90.66277,0.035917,0.040177 
"17","17","16","IL",106460,41.45986,-89.886378,0.141254,0.158006 
"17","17","17","IL",540240,41.47191,-89.944035,0.716806,0.801816 
"17","18","13","IL",55969,39.71178,-89.659136,0.074261,0.079825 
"17","18","15","IL",274607,39.974423,-90.421181,0.364356,0.391653 
"17","18","16","IL",268380,40.685175,-89.323362,0.356094,0.382772 
"17","18","17","IL",102192,40.587528,-89.552808,0.135591,0.145749 
"18","01","01","IN",726991,41.529733,-87.294825,0.964247,0.992883 
"18","01","02","IN",5211,41.45837,-86.848996,0.006912,0.007117 
"18","02","01","IN",26956,41.611835,-86.740856,0.035753,0.036831 
"18","02","02","IN",696266,41.499114,-86.135679,0.923494,0.951337 
"18","02","03","IN",8659,41.40593,-85.719555,0.011485,0.011831 
"18","03","02","IN",40231,41.236898,-85.827893,0.05336,0.053011 
"18","03","03","IN",718683,41.136417,-85.184968,0.953227,0.946989 
"18","04","02","IN",12239,40.724315,-86.263676,0.016233,0.016001 
"18","04","04","IN",670054,40.204343,-86.709566,0.888728,0.876036 
"18","04","05","IN",72787,40.471156,-86.150102,0.096541,0.095163 
"18","04","08","IN",9790,40.087887,-87.315549,0.012985,0.0128 
"18","05","03","IN",9377,40.447004,-85.361946,0.012437,0.01165 
"18","05","04","IN",36298,39.969083,-86.292643,0.048144,0.045098 
"18","05","05","IN",569257,40.104658,-85.928154,0.755035,0.707266 
"18","05","07","IN",189937,39.890944,-86.111519,0.251923,0.235985 
"18","06","03","IN",17228,40.206062,-84.990035,0.02285,0.023811 
"18","06","05","IN",111903,40.20524,-85.402901,0.148423,0.15466 
"18","06","06","IN",368930,39.664529,-85.530749,0.48933,0.509895 
"18","06","09","IN",225479,39.077056,-85.290726,0.299064,0.311633 
"18","07","06","IN",223254,39.677512,-86.130694,0.296113,0.283581 
"18","07","07","IN",564012,39.79862,-86.146797,0.748077,0.716418 
"18","08","08","IN",715369,38.588381,-87.32185,0.948832,1 
"18","09","04","IN",47595,39.477474,-86.384756,0.063128,0.062084 
"18","09","06","IN",161765,39.555913,-86.115212,0.214557,0.211011 
"18","09","08","IN",28788,38.48842,-86.465764,0.038183,0.037552 
"18","09","09","IN",528469,38.695937,-86.109109,0.700935,0.689352 
"19","01","01","IA",56793,42.01104,-91.229396,0.071206,0.072795 
"19","01","02","IA",683282,42.381439,-91.790295,0.856684,0.8758 
"19","01","04","IA",40105,42.030436,-92.938196,0.050279,0.051405 
"19","02","01","IA",688388,41.453257,-91.362967,0.863091,0.876533 
"19","02","03","IA",96965,40.918377,-92.89353,0.121578,0.123467 
"19","03","01","IA",52403,41.40685,-93.595675,0.065702,0.061006 
"19","03","03","IA",691815,41.560966,-93.819894,0.867424,0.805397 
"19","03","04","IA",114756,41.219527,-95.770963,0.143868,0.133597 
"19","04","02","IA",114307,42.877905,-92.964287,0.143316,0.149253 
"19","04","03","IA",8771,42.029106,-94.379872,0.010997,0.011452 
"19","04","04","IA",642784,42.529527,-94.974021,0.805852,0.839294 
"20","01","01","KS",602521,38.603186,-98.657961,0.820348,0.859795 
"20","01","02","KS",95576,38.700246,-96.582821,0.130129,0.136387 
"20","01","04","KS",2676,38.166839,-99.101916,0.003643,0.003819 
"20","02","01","KS",131929,39.064716,-95.379217,0.179625,0.185032 
"20","02","02","KS",526233,38.575003,-95.361481,0.71648,0.738047 
"20","02","03","KS",54845,38.53397,-95.121186,0.074673,0.076921 
"20","03","02","KS",112661,39.126352,-94.710068,0.153391,0.142197 
"20","03","03","KS",679625,38.931539,-94.738196,0.925327,0.857802 
"20","04","01","KS",20,38.181235,-99.386133,0.000027,0.000027 
"20","04","04","KS",731794,37.658284,-97.346844,0.996356,0.999972 
"21","01","01","KY",652882,37.049707,-87.322826,0.869381,0.907866 
"21","01","02","KY",66257,37.345022,-87.039218,0.088228,0.092134 
"21","02","01","KY",42208,37.666262,-84.906589,0.056204,0.054207 
"21","02","02","KY",652719,37.523272,-86.226638,0.869165,0.838272 
"21","02","04","KY",30667,37.88846,-85.404735,0.040836,0.039385 
"21","02","06","KY",53054,37.771834,-84.709273,0.070647,0.068136 
"21","03","02","KY",8760,38.160866,-85.537916,0.011665,0.011574 
"21","03","03","KY",748092,38.200846,-85.695712,0.996163,0.988426 
"21","04","02","KY",23236,38.233135,-85.458379,0.030941,0.030038 
"21","04","03","KY",2881,38.226659,-85.502794,0.003836,0.003724 
"21","04","04","KY",708185,38.770553,-84.609089,0.943023,0.915508 
"21","04","05","KY",39241,38.451027,-82.658855,0.052254,0.050729 
"21","05","04","KY",2743,38.393939,-83.156562,0.003653,0.003956 
"21","05","05","KY",690638,37.338825,-83.565888,0.919657,0.996044 
"21","06","01","KY",55883,38.183119,-84.878619,0.074414,0.071254 
"21","06","04","KY",9378,38.420875,-84.214318,0.012488,0.011958 
"21","06","05","KY",21094,37.958527,-83.61322,0.028089,0.026896 
"21","06","06","KY",697918,37.995944,-84.402395,0.929353,0.889892 
"22","01","01","LA",760432,30.077524,-90.147986,0.979599,0.935818 
"22","01","02","LA",1429,29.9233,-90.117866,0.001841,0.001759 
"22","01","05","LA",46442,30.50446,-90.477737,0.059827,0.057153 
"22","01","06","LA",4282,29.5457,-90.763249,0.005516,0.00527 
"22","02","01","LA",6641,29.937744,-90.194657,0.008555,0.008566 
"22","02","02","LA",767478,30.040692,-90.32807,0.988614,0.989921 
"22","02","06","LA",1173,30.282925,-90.982456,0.001511,0.001513 
"22","03","03","LA",776275,30.155579,-92.37855,1,0.987848 
"22","03","04","LA",3382,30.376135,-92.077609,0.004356,0.004304 
"22","03","06","LA",6167,29.708026,-91.186922,0.007944,0.007848 
"22","04","04","LA",728346,32.002301,-93.38276,0.938188,1 
"22","05","01","LA",2658,30.559385,-90.30734,0.003424,0.003596 
"22","05","04","LA",44605,30.709264,-92.129601,0.057456,0.060339 
"22","05","05","LA",691981,31.805096,-91.872673,0.89141,0.936066 
"22","06","01","LA",6537,29.650462,-90.715137,0.008421,0.008006 
"22","06","02","LA",7410,30.213984,-90.805538,0.009545,0.009076 
"22","06","05","LA",37854,30.707329,-91.217168,0.048764,0.046363 
"22","06","06","LA",764665,30.319542,-90.966359,0.985028,0.936554 
"23","01","01","ME",665795,43.73549,-70.239296,0.977416,0.945448 
"23","01","02","ME",38416,44.314212,-69.816748,0.056396,0.054552 
"23","02","01","ME",15384,44.409997,-69.696363,0.022584,0.023375 
"23","02","02","ME",642764,44.812168,-69.253027,0.943604,0.976625 
"24","01","01","MD",649234,39.034531,-75.973286,0.840162,0.873083 
"24","01","02","MD",94377,39.567724,-76.837955,0.122423,0.126917 
"24","02","01","MD",107967,39.464693,-76.254402,0.139718,0.13748 
"24","02","02","MD",343288,39.38443,-76.601881,0.445304,0.437125 
"24","02","03","MD",123427,39.168577,-76.730686,0.159935,0.157166 
"24","02","05","MD",28400,39.114515,-76.753341,0.036662,0.036163 
"24","02","07","MD",182249,39.284852,-76.555442,0.237536,0.232066 
"24","03","02","MD",151718,39.382814,-76.63538,0.196805,0.195976 
"24","03","03","MD",307032,39.11849,-76.656967,0.397847,0.396598 
"24","03","04","MD",36041,39.088018,-76.939585,0.046771,0.046555 
"24","03","05","MD",33809,39.084908,-76.750211,0.043645,0.043672 
"24","03","07","MD",165377,39.303691,-76.614695,0.215546,0.21362 
"24","03","08","MD",80188,39.106782,-77.021086,0.103934,0.10358 
"24","04","03","MD",147318,39.081164,-76.552888,0.190892,0.184395 
"24","04","04","MD",511263,38.925193,-76.919668,0.66348,0.639938 
"24","04","05","MD",140326,38.923352,-76.755747,0.18115,0.175643 
"24","04","08","MD",18,39.023954,-76.967372,0.000023,0.000023 
"24","05","04","MD",223273,38.927834,-76.908826,0.289748,0.280713 
"24","05","05","MD",572106,38.617668,-76.737493,0.738543,0.719287 
"24","06","06","MD",636874,39.3938,-77.667586,0.818767,0.804521 
"24","06","08","MD",154745,39.107998,-77.17888,0.20057,0.195479 
"24","07","01","MD",15547,39.521778,-76.542561,0.020119,0.022092 
"24","07","02","MD",94600,39.388187,-76.742799,0.122713,0.134422 
"24","07","03","MD",173984,39.257396,-76.877094,0.225446,0.247223 
"24","07","07","MD",419621,39.314079,-76.653264,0.546917,0.596262 
"24","08","02","MD",86923,39.495467,-76.997544,0.112754,0.110809 
"24","08","03","MD",19972,39.390405,-77.084169,0.025879,0.02546 
"24","08","06","MD",140971,39.449031,-77.350404,0.181233,0.179709 
"24","08","08","MD",536576,39.036216,-77.07932,0.695473,0.684022 
"25","01","01","MA",711874,42.195517,-72.648508,0.91137,0.974546 
"25","01","02","MA",18593,42.5321,-72.725464,0.023804,0.025454 
"25","02","01","MA",69229,42.207859,-72.104018,0.08863,0.088749 
"25","02","02","MA",685697,42.322748,-71.944362,0.877859,0.879038 
"25","02","03","MA",2554,42.683668,-72.073493,0.00327,0.003274 
"25","02","04","MA",22574,42.048561,-71.532524,0.0289,0.028939 
"25","03","02","MA",660,42.514842,-71.918243,0.000845,0.000828 
"25","03","03","MA",754773,42.609928,-71.417222,0.966292,0.947417 
"25","03","05","MA",13491,42.429502,-71.447244,0.017272,0.016934 
"25","03","06","MA",27740,42.655819,-71.171717,0.035514,0.03482 
"25","04","02","MA",31873,42.193906,-71.486223,0.040805,0.041013 
"25","04","04","MA",697329,42.059289,-71.233085,0.892749,0.897305 
"25","04","05","MA",22187,42.3075,-71.293647,0.028405,0.02855 
"25","04","08","MA",25058,42.04364,-71.107954,0.03208,0.032244 
"25","04","09","MA",690,41.935586,-71.050354,0.000883,0.000888 
"25","05","02","MA",44278,42.246301,-71.469112,0.056687,0.055698 
"25","05","04","MA",4401,42.233719,-71.378338,0.005634,0.005536 
"25","05","05","MA",741227,42.39689,-71.180239,0.948951,0.932401 
"25","05","07","MA",5060,42.371669,-71.103072,0.006478,0.006365 
"25","06","03","MA",23775,42.56485,-71.282348,0.030438,0.030566 
"25","06","05","MA",696,42.484649,-71.255423,0.000891,0.000895 
"25","06","06","MA",753361,42.57374,-70.985047,0.964486,0.968539 
"25","07","05","MA",3500,42.39682,-71.132983,0.004481,0.004376 
"25","07","07","MA",771009,42.337059,-71.087093,0.987078,0.963983 
"25","07","08","MA",25307,42.322843,-71.068636,0.032399,0.031641 
"25","08","04","MA",1082,41.965349,-71.072719,0.001385,0.001355 
"25","08","07","MA",5033,42.268557,-71.093798,0.006443,0.006303 
"25","08","08","MA",730737,42.204839,-71.047151,0.93552,0.915185 
"25","08","09","MA",61606,42.079999,-70.887751,0.078871,0.077156 
"25","09","04","MA",55717,41.686577,-71.155994,0.071331,0.071937 
"25","09","09","MA",718806,41.76935,-70.651835,0.920246,0.928062 
"26","01","01","MI",671739,45.561468,-86.006398,0.866341,0.953701 
"26","01","02","MI",32611,44.248005,-86.211165,0.042079,0.046299 
"26","02","02","MI",178717,43.522714,-86.097633,0.230603,0.235986 
"26","02","03","MI",388414,43.020568,-85.937065,0.500912,0.512879 
"26","02","04","MI",190190,42.843044,-85.999614,0.245533,0.251135 
"26","03","02","MI",232313,42.920445,-85.340789,0.29976,0.308261 
"26","03","03","MI",387000,42.957868,-85.628191,0.499088,0.513519 
"26","03","04","MI",87736,42.319269,-85.190877,0.113266,0.116419 
"26","03","05","MI",46574,42.233797,-84.946407,0.060131,0.0618 
"26","04","01","MI",63397,44.332319,-84.66594,0.081763,0.090846 
"26","04","02","MI",326570,43.66799,-84.98575,0.421382,0.467963 
"26","04","07","MI",147222,42.912366,-84.366308,0.189906,0.210964 
"26","04","08","MI",160665,43.49339,-84.148079,0.207248,0.230227 
"26","05","01","MI",40239,44.240501,-83.663561,0.051896,0.059995 
"26","05","07","MI",203,42.795364,-83.908479,0.000262,0.000303 
"26","05","08","MI",614564,43.179604,-83.777249,0.792751,0.916298 
"26","05","09","MI",15697,43.347944,-83.592387,0.020255,0.023404 
"26","06","04","MI",496674,42.331153,-85.814815,0.641201,0.688244 
"26","06","05","MI",224980,41.912707,-86.017566,0.290468,0.311756 
"26","07","02","MI",4786,42.665005,-85.016755,0.006176,0.006691 
"26","07","05","MI",502990,42.018005,-84.130333,0.649401,0.703182 
"26","07","06","MI",103140,42.258565,-83.826244,0.133037,0.14419 
"26","07","07","MI",104389,42.644181,-84.726828,0.134654,0.145936 
"26","08","07","MI",478766,42.642481,-84.231261,0.617573,0.647085 
"26","08","09","MI",178791,42.772939,-83.352114,0.230709,0.241648 
"26","08","10","MI",82324,42.672001,-83.146874,0.106195,0.111266 
"26","09","10","MI",513288,42.527575,-82.971822,0.662121,0.712476 
"26","09","11","MI",192254,42.512268,-83.169007,0.247888,0.266861 
"26","09","12","MI",14886,42.521712,-83.253148,0.019202,0.020663 
"26","10","09","MI",552582,42.985996,-82.885062,0.713044,0.761996 
"26","10","10","MI",172595,42.636886,-82.994337,0.222641,0.238004 
"26","11","06","MI",233077,42.379181,-83.482874,0.300638,0.307566 
"26","11","07","MI",44658,42.493671,-83.62517,0.057606,0.05893 
"26","11","09","MI",27892,42.642013,-83.61068,0.035991,0.036806 
"26","11","10","MI",7011,42.631045,-83.182222,0.009044,0.009252 
"26","11","11","MI",349638,42.595831,-83.331062,0.450815,0.461379 
"26","11","12","MI",95535,42.396326,-83.369146,0.123232,0.126067 
"26","12","06","MI",439056,42.215202,-83.542885,0.566324,0.587636 
"26","12","12","MI",109976,42.318136,-83.212037,0.141859,0.147193 
"26","12","13","MI",198124,42.232151,-83.21748,0.255424,0.265171 
"26","13","12","MI",412890,42.360035,-83.284751,0.532591,0.612082 
"26","13","13","MI",261676,42.327742,-83.15713,0.337356,0.387918 
"26","14","11","MI",233676,42.543598,-83.327189,0.301296,0.337925 
"26","14","12","MI",141960,42.455581,-83.218524,0.183116,0.205292 
"26","14","13","MI",315866,42.405016,-83.002928,0.407219,0.456782 
"27","01","01","MN",642930,43.970917,-93.224128,0.901332,0.930803 
"27","01","02","MN",40258,44.403954,-93.631373,0.056438,0.058284 
"27","01","07","MN",7538,44.090229,-94.952328,0.010568,0.010913 
"27","02","01","MN",70381,44.398838,-92.538895,0.098668,0.096154 
"27","02","02","MN",661577,44.7453,-93.211573,0.927472,0.903845 
"27","03","03","MN",671145,45.004641,-93.422608,0.940886,0.909536 
"27","03","05","MN",6,45.119351,-93.289115,8E-6,8E-6 
"27","03","06","MN",66747,44.840232,-93.601176,0.093573,0.090456 
"27","04","02","MN",11477,44.875057,-92.957272,0.01609,0.015798 
"27","04","04","MN",713312,44.988174,-93.05895,1,0.981879 
"27","04","08","MN",1687,45.104168,-92.810345,0.002365,0.002322 
"27","05","03","MN",22730,44.919625,-93.394709,0.031865,0.030882 
"27","05","05","MN",713306,44.978327,-93.28761,0.999991,0.969118 
"27","06","03","MN",19436,45.207285,-93.391161,0.027248,0.026481 
"27","06","06","MN",646565,45.302896,-93.691015,0.906426,0.88093 
"27","06","07","MN",24252,45.527243,-94.416227,0.033999,0.033043 
"27","06","08","MN",43704,45.218194,-92.954945,0.061269,0.059546 
"27","07","07","MN",621075,45.927837,-95.591128,0.870692,0.922141 
"27","07","08","MN",52439,47.596125,-95.138269,0.073515,0.077859 
"27","08","07","MN",60447,46.303772,-94.628078,0.084741,0.089428 
"27","08","08","MN",615482,46.638723,-93.064346,0.862851,0.910572 
"28","01","01","MS",739345,34.436218,-89.160311,0.998684,0.975089 
"28","01","03","MS",18888,33.111551,-89.035874,0.025513,0.024911 
"28","02","02","MS",673948,32.975135,-90.321382,0.910348,0.999195 
"28","02","03","MS",543,32.332824,-90.180028,0.000733,0.000805 
"28","03","01","MS",974,33.484761,-89.02693,0.001316,0.001297 
"28","03","02","MS",66371,31.50734,-91.038324,0.089652,0.088372 
"28","03","03","MS",683694,32.253563,-89.658565,0.923511,0.910331 
"28","04","03","MS",37195,31.43174,-89.564891,0.050242,0.047838 
"28","04","04","MS",740321,30.788715,-89.082734,1,0.952161 
"29","01","01","MO",692318,38.689262,-90.287247,0.899858,0.968621 
"29","01","02","MO",22428,38.61659,-90.338796,0.029151,0.031379 
"29","02","01","MO",77046,38.672908,-90.400893,0.100142,0.09907 
"29","02","02","MO",548515,38.57848,-90.464707,0.712946,0.70531 
"29","02","03","MO",107241,38.750251,-90.602014,0.139389,0.137896 
"29","02","08","MO",44891,38.459682,-90.419487,0.058348,0.057723 
"29","03","02","MO",198421,38.591288,-90.939976,0.257903,0.246643 
"29","03","03","MO",447420,38.65252,-91.329042,0.581545,0.556157 
"29","03","04","MO",15057,38.051098,-92.724948,0.019571,0.018716 
"29","03","06","MO",59574,38.996782,-90.929744,0.077433,0.074052 
"29","03","08","MO",84013,38.350625,-90.420145,0.109198,0.104431 
"29","04","03","MO",136120,38.877098,-92.422934,0.176925,0.175138 
"29","04","04","MO",588808,38.36304,-93.335042,0.765317,0.757585 
"29","04","06","MO",43824,39.311668,-92.219464,0.056961,0.056386 
"29","04","07","MO",8465,37.170903,-92.803331,0.011003,0.010891 
"29","05","04","MO",107139,39.034067,-93.882907,0.139256,0.135911 
"29","05","05","MO",651788,39.033491,-94.49469,0.847178,0.826822 
"29","05","06","MO",29378,39.29488,-94.125618,0.038185,0.037267 
"29","06","04","MO",26841,39.042353,-94.240594,0.034887,0.034367 
"29","06","05","MO",117576,39.120014,-94.459101,0.152822,0.150544 
"29","06","06","MO",636588,39.662822,-93.834611,0.827421,0.815088 
"29","07","04","MO",31519,37.602027,-93.404477,0.040968,0.039776 
"29","07","07","MO",760900,37.036711,-93.648833,0.988997,0.960224 
"29","08","03","MO",78583,38.092919,-90.86695,0.10214,0.109288 
"29","08","08","MO",640460,37.248034,-90.585462,0.832454,0.890711 
"30","00","01","MT",542112,46.878504,-113.304581,1,0.5 
"30","00","02","MT",542113,46.642513,-109.364834,1,0.5 
"31","01","01","NE",584386,41.057549,-96.670323,0.8938,0.88568 
"31","01","02","NE",22278,41.195383,-96.560131,0.034072,0.033764 
"31","01","03","NE",53152,41.366688,-96.267247,0.081293,0.080556 
"31","02","01","NE",69436,41.166465,-96.060237,0.1062,0.099052 
"31","02","02","NE",631569,41.253235,-96.077671,0.965928,0.900948 
"31","03","03","NE",600683,41.167036,-99.212237,0.918707,1 
"32","01","01","NV",399260,36.139235,-115.089657,0.516001,0.568081 
"32","01","03","NV",179222,36.127835,-115.237837,0.231165,0.255003 
"32","01","04","NV",124340,36.173102,-115.188434,0.159791,0.176915 
"32","02","02","NV",758819,39.601861,-119.333451,0.976077,0.999999 
"32","02","04","NV",1,39.105069,-118.725148,1E-6,1E-6 
"32","03","01","NV",343896,36.019983,-115.0352,0.444449,0.401969 
"32","03","03","NV",508079,36.044912,-115.237948,0.655333,0.593877 
"32","03","04","NV",3553,36.105209,-114.925126,0.004566,0.004153 
"32","04","01","NV",30602,36.192893,-115.031862,0.03955,0.038862 
"32","04","02","NV",18598,39.114934,-117.08277,0.023923,0.023618 
"32","04","03","NV",87998,36.215199,-115.291917,0.113502,0.111751 
"32","04","04","NV",650246,36.319838,-115.248961,0.835641,0.825768 
"33","01","01","NH",688764,43.122817,-71.204842,1,0.98714 
"33","01","02","NH",8973,43.825296,-71.520087,0.013028,0.01286 
"33","02","02","NH",679792,43.166899,-71.709288,0.986972,1 
"34","01","01","NJ",737308,39.842584,-75.047549,0.955379,0.979084 
"34","01","02","NJ",15751,39.789264,-75.291649,0.020218,0.020916 
"34","02","01","NJ",34436,39.759454,-75.067275,0.044621,0.047013 
"34","02","02","NJ",695993,39.437449,-74.839555,0.89338,0.950191 
"34","02","03","NJ",2048,39.610816,-74.479161,0.002632,0.002796 
"34","03","02","NJ",67312,39.780624,-74.234978,0.086402,0.089052 
"34","03","03","NJ",432394,39.986671,-74.827772,0.555759,0.572046 
"34","03","04","NJ",256167,39.986959,-74.16584,0.331406,0.338902 
"34","04","03","NJ",233058,40.247797,-74.484871,0.299551,0.292196 
"34","04","04","NJ",494902,40.14455,-74.185423,0.640261,0.620482 
"34","04","06","NJ",69648,40.275528,-74.04198,0.090011,0.087321 
"34","05","05","NJ",603593,41.001491,-74.158147,0.780624,0.807809 
"34","05","07","NJ",80562,40.87769,-74.916244,0.104046,0.107819 
"34","05","09","NJ",63042,40.936299,-74.133263,0.081654,0.084371 
"34","06","03","NJ",41502,40.339082,-74.266051,0.053343,0.054249 
"34","06","04","NJ",21900,40.413599,-74.094627,0.028332,0.028627 
"34","06","06","NJ",692791,40.4928,-74.29178,0.895347,0.905581 
"34","06","12","NJ",8831,40.395361,-74.285964,0.011399,0.011543 
"34","07","07","NJ",558490,40.668841,-74.67085,0.721289,0.734799 
"34","07","10","NJ",69666,40.676044,-74.290354,0.090062,0.091659 
"34","07","11","NJ",40170,40.801978,-74.42755,0.051949,0.052851 
"34","07","12","NJ",91732,40.515414,-74.591776,0.11841,0.120691 
"34","08","08","NJ",724806,40.734731,-74.095566,0.938423,0.882406 
"34","08","09","NJ",34464,40.784145,-74.084866,0.044639,0.041958 
"34","08","10","NJ",23905,40.729001,-74.152914,0.030904,0.029103 
"34","08","11","NJ",38222,40.794233,-74.162668,0.049429,0.046533 
"34","09","05","NJ",150486,40.875277,-73.982001,0.194623,0.189931 
"34","09","09","NJ",641835,40.869931,-74.122158,0.831327,0.810069 
"34","10","07","NJ",45696,40.615254,-74.269215,0.059016,0.055999 
"34","10","08","NJ",47560,40.693683,-74.099116,0.061577,0.058284 
"34","10","10","NJ",624660,40.724185,-74.191913,0.807538,0.765507 
"34","10","11","NJ",98092,40.77077,-74.229242,0.126855,0.12021 
"34","11","05","NJ",19139,41.030888,-74.306233,0.024752,0.025122 
"34","11","07","NJ",57901,40.950163,-74.64897,0.074779,0.076001 
"34","11","09","NJ",32719,40.981812,-74.244842,0.042379,0.042947 
"34","11","10","NJ",55305,40.809347,-74.263538,0.071496,0.072594 
"34","11","11","NJ",596779,40.862908,-74.363179,0.771767,0.783336 
"34","12","03","NJ",69022,40.274094,-74.622872,0.088714,0.0878 
"34","12","06","NJ",11329,40.442865,-74.297032,0.014641,0.014411 
"34","12","07","NJ",31645,40.639146,-74.377678,0.040869,0.040254 
"34","12","12","NJ",674133,40.395508,-74.549941,0.87019,0.857534 
"35","01","01","NM",528092,35.114167,-106.556648,0.748183,0.760307 
"35","01","02","NM",166485,35.062012,-106.720613,0.235866,0.239693 
"35","02","01","NM",55518,34.139293,-105.886724,0.078656,0.077754 
"35","02","02","NM",518069,32.863416,-106.555042,0.733969,0.725564 
"35","02","03","NM",140435,33.120207,-103.927757,0.19896,0.196681 
"35","03","01","NM",122222,35.257943,-106.656797,0.17316,0.172405 
"35","03","02","NM",21292,35.194038,-106.730445,0.030165,0.030034 
"35","03","03","NM",565409,35.852346,-106.382867,0.801039,0.79756 
"36","01","01","NY",536234,40.904502,-72.888649,0.690159,0.724328 
"36","01","02","NY",204085,40.797311,-72.930462,0.262667,0.275671 
"36","02","02","NY",572886,40.737728,-73.275438,0.737332,0.786763 
"36","02","03","NY",124236,40.712409,-73.478854,0.159898,0.170617 
"36","02","04","NY",31034,40.685749,-73.501427,0.039942,0.04262 
"36","03","01","NY",240737,40.849874,-73.357479,0.30984,0.325674 
"36","03","03","NY",498460,40.792881,-73.635574,0.641542,0.674326 
"36","04","03","NY",94052,40.749344,-73.630394,0.12105,0.125164 
"36","04","04","NY",657380,40.672206,-73.624799,0.84608,0.874836 
"36","05","03","NY",19865,40.724645,-73.741306,0.025567,0.025508 
"36","05","04","NY",88557,40.678486,-73.713288,0.113977,0.113712 
"36","05","05","NY",670310,40.672071,-73.78358,0.862722,0.860718 
"36","05","06","NY",48,40.728448,-73.780289,0.000062,0.000062 
"36","06","03","NY",40358,40.76926,-73.79345,0.051943,0.052464 
"36","06","05","NY",48054,40.706992,-73.823687,0.061848,0.062469 
"36","06","06","NY",626822,40.738162,-73.832747,0.806751,0.814851 
"36","06","07","NY",54013,40.705258,-73.886492,0.069517,0.070215 
"36","07","05","NY",14528,40.69021,-73.846159,0.018698,0.019045 
"36","07","07","NY",376808,40.698247,-73.915291,0.48497,0.493958 
"36","07","08","NY",17238,40.695758,-73.949749,0.022186,0.022597 
"36","07","10","NY",353686,40.676952,-73.997045,0.455211,0.463648 
"36","07","11","NY",573,40.629609,-74.006713,0.000737,0.000751 
"36","08","05","NY",44079,40.666625,-73.844662,0.056732,0.054797 
"36","08","07","NY",121610,40.687292,-73.938922,0.156518,0.151181 
"36","08","08","NY",576030,40.648889,-73.921931,0.741378,0.716099 
"36","08","09","NY",46411,40.64452,-73.927852,0.059733,0.057696 
"36","08","10","NY",16270,40.687121,-73.981317,0.02094,0.020226 
"36","09","08","NY",117631,40.620665,-73.931066,0.151397,0.155629 
"36","09","09","NY",557672,40.647446,-73.947193,0.71775,0.737815 
"36","09","10","NY",80539,40.66844,-73.974964,0.103658,0.106555 
"36","10","09","NY",144350,40.626114,-73.978862,0.185785,0.179584 
"36","10","10","NY",219089,40.692064,-74.004068,0.281978,0.272565 
"36","10","11","NY",104774,40.611009,-73.99237,0.134849,0.130348 
"36","10","12","NY",305013,40.775471,-73.983574,0.392567,0.379462 
"36","10","13","NY",30577,40.805442,-73.963783,0.039354,0.03804 
"36","11","08","NY",66073,40.591647,-73.970154,0.085039,0.086231 
"36","11","09","NY",28539,40.604168,-73.966573,0.036731,0.037246 
"36","11","11","NY",671624,40.596481,-74.104965,0.864413,0.876523 
"36","12","07","NY",158389,40.736426,-73.946263,0.203854,0.195135 
"36","12","10","NY",107387,40.727343,-73.987365,0.138212,0.132301 
"36","12","12","NY",471772,40.760316,-73.966417,0.607193,0.581223 
"36","12","13","NY",1302,40.786479,-73.929116,0.001676,0.001604 
"36","12","14","NY",72838,40.767037,-73.92417,0.093746,0.089736 
"36","13","12","NY",186,40.786516,-73.946021,0.000239,0.000253 
"36","13","13","NY",683108,40.833894,-73.932299,0.879193,0.927697 
"36","13","15","NY",53054,40.874303,-73.884877,0.068283,0.07205 
"36","14","06","NY",150101,40.747698,-73.888718,0.193187,0.200128 
"36","14","07","NY",66151,40.744809,-73.917196,0.08514,0.088198 
"36","14","14","NY",447681,40.788461,-73.861105,0.576187,0.596888 
"36","14","15","NY",86092,40.858442,-73.861751,0.110805,0.114785 
"36","15","13","NY",60809,40.856974,-73.90622,0.078264,0.079247 
"36","15","14","NY",212243,40.824981,-73.872999,0.273167,0.276597 
"36","15","15","NY",494283,40.834346,-73.908151,0.636167,0.644155 
"36","16","13","NY",1175,40.882709,-73.907019,0.001512,0.001525 
"36","16","14","NY",44210,40.874427,-73.827867,0.0569,0.057386 
"36","16","15","NY",143542,40.883497,-73.874323,0.184746,0.186321 
"36","16","16","NY",581474,40.932508,-73.831012,0.748385,0.754768 
"36","17","16","NY",195497,41.023706,-73.75968,0.251614,0.25597 
"36","17","17","NY",568254,41.159307,-73.946936,0.731371,0.74403 
"36","18","17","NY",196241,41.384367,-73.710125,0.252572,0.262199 
"36","18","18","NY",552201,41.475947,-74.149906,0.71071,0.737801 
"36","19","17","NY",12476,41.570022,-73.646375,0.016057,0.017857 
"36","19","18","NY",224770,41.783616,-73.948255,0.28929,0.32171 
"36","19","19","NY",332191,42.107916,-74.39254,0.427546,0.47546 
"36","19","21","NY",129236,42.728221,-74.102573,0.166333,0.184973 
"36","20","20","NY",682881,42.764733,-73.824581,0.878901,0.915034 
"36","20","21","NY",63409,42.783402,-73.978804,0.081611,0.084966 
"36","21","20","NY",94090,43.132439,-73.781207,0.121098,0.133453 
"36","21","21","NY",533081,44.048166,-74.330105,0.686101,0.756099 
"36","21","24","NY",77870,43.983275,-75.950425,0.100223,0.110447 
"36","22","19","NY",300959,42.248981,-75.923554,0.387349,0.432034 
"36","22","21","NY",51245,43.031208,-75.011666,0.065955,0.073563 
"36","22","22","NY",300455,43.110283,-75.439006,0.3867,0.43131 
"36","22","24","NY",43951,43.424612,-76.102663,0.056567,0.063093 
"36","23","19","NY",143821,42.374914,-76.43879,0.185105,0.207381 
"36","23","23","NY",446785,42.226131,-78.071622,0.575034,0.644238 
"36","23","24","NY",102903,42.808217,-77.005432,0.132441,0.14838 
"36","24","22","NY",476516,43.067977,-76.167397,0.613299,0.664312 
"36","24","24","NY",240791,43.148733,-76.739619,0.30991,0.335687 
"36","25","25","NY",733041,43.162978,-77.61492,0.94346,1 
"36","26","23","NY",48374,42.824661,-78.775908,0.06226,0.065154 
"36","26","26","NY",694077,42.955146,-78.837728,0.893311,0.934845 
"36","27","23","NY",281812,42.792068,-78.733964,0.362706,0.391356 
"36","27","24","NY",311456,42.951606,-78.021357,0.400859,0.432522 
"36","27","25","NY",43930,43.172534,-77.897697,0.05654,0.061006 
"36","27","26","NY",82894,43.137299,-78.876967,0.106689,0.115116 
"37","-","14","NC",13,35.152731,-81.094729,0.000017,1 
"37","1","01","NC",570168,35.940426,-77.645843,0.764638,0.829376 
"37","1","03","NC",46668,35.362537,-77.913439,0.062585,0.067884 
"37","1","13","NC",70630,35.37981,-78.034968,0.09472,0.10274 
"37","10","05","NC",253945,36.257459,-80.465592,0.340559,0.327408 
"37","10","06","NC",106778,36.365102,-79.829238,0.143197,0.137667 
"37","10","08","NC",52,35.762732,-80.626059,0.00007,0.000067 
"37","10","10","NC",414848,35.648916,-81.057775,0.556343,0.534858 
"37","11","05","NC",32704,36.023149,-82.019034,0.043859,0.041809 
"37","11","10","NC",3874,35.374705,-81.932748,0.005195,0.004953 
"37","11","11","NC",745639,35.46416,-82.704474,0.999957,0.953238 
"37","12","12","NC",567420,35.305034,-80.792903,0.760952,0.630523 
"37","12","14","NC",332499,35.178494,-80.872991,0.445906,0.369477 
"37","13","04","NC",210960,36.128524,-79.330486,0.282913,0.273374 
"37","13","05","NC",42743,35.931454,-80.520292,0.057322,0.055389 
"37","13","06","NC",22105,36.397074,-79.367163,0.029644,0.028645 
"37","13","08","NC",315573,35.747714,-80.350307,0.423207,0.408937 
"37","13","09","NC",177722,35.735433,-79.740307,0.238338,0.230302 
"37","13","10","NC",2587,35.572716,-80.764597,0.003469,0.003352 
"37","2","02","NC",528439,35.822606,-78.713335,0.708675,0.578951 
"37","2","04","NC",453,35.89483,-78.819404,0.000608,0.000496 
"37","2","13","NC",383860,35.691597,-78.722177,0.514785,0.420552 
"37","3","01","NC",105850,35.995659,-76.694139,0.141953,0.141915 
"37","3","03","NC",639990,35.107526,-77.112156,0.858275,0.858044 
"37","3","07","NC",9,34.676556,-77.659973,0.000012,0.000012 
"37","3","13","NC",22,35.184393,-78.060599,0.00003,0.000029 
"37","4","01","NC",69652,36.046532,-78.355454,0.093409,0.07938 
"37","4","02","NC",217232,35.91224,-78.523819,0.291324,0.247572 
"37","4","04","NC",534257,36.010885,-78.923416,0.716479,0.608874 
"37","4","09","NC",56296,35.779689,-79.124802,0.075497,0.064159 
"37","4","13","NC",13,35.582009,-78.914602,0.000017,0.000015 
"37","5","05","NC",225828,36.146867,-81.423301,0.302852,0.301974 
"37","5","10","NC",324361,35.530289,-81.520795,0.434993,0.43373 
"37","5","11","NC",32,35.450108,-81.949073,0.000043,0.000043 
"37","5","14","NC",197619,35.262796,-81.126958,0.265022,0.264253 
"37","6","05","NC",190450,36.085666,-80.275073,0.255408,0.235902 
"37","6","06","NC",616787,36.07187,-79.882256,0.827158,0.763988 
"37","6","08","NC",69,36.003137,-80.089724,0.000093,0.000085 
"37","6","09","NC",19,35.917119,-79.956437,0.000025,0.000024 
"37","7","03","NC",59012,35.036817,-78.397722,0.07914,0.071638 
"37","7","07","NC",502805,34.224139,-78.090137,0.674298,0.610383 
"37","7","13","NC",261936,35.540304,-78.464718,0.351276,0.317979 
"37","8","07","NC",126169,35.012877,-78.877397,0.169202,0.153673 
"37","8","08","NC",135929,35.33689,-80.277825,0.182291,0.165561 
"37","8","09","NC",351547,35.190719,-79.05102,0.47145,0.428182 
"37","8","12","NC",178168,35.406291,-80.648301,0.238936,0.217008 
"37","8","13","NC",29209,35.424957,-78.858572,0.039171,0.035576 
"37","9","07","NC",116688,34.677489,-79.091674,0.156487,0.148374 
"37","9","08","NC",294048,35.001896,-80.492295,0.39434,0.373894 
"37","9","09","NC",160088,35.023484,-79.377975,0.214689,0.203558 
"37","9","12","NC",83,35.10977,-80.68161,0.000111,0.000106 
"37","9","14","NC",215540,35.087893,-80.808963,0.289055,0.274068 
"38","00","00","ND",779094,47.33954,-99.453293,1,1 
"39","01","01","OH",546669,39.274486,-84.396486,0.694951,0.711299 
"39","01","08","OH",221881,39.22412,-84.612598,0.282065,0.288701 
"39","02","01","OH",239961,39.158483,-84.399524,0.305049,0.326569 
"39","02","02","OH",430367,39.07273,-83.776792,0.547102,0.585698 
"39","02","08","OH",64465,39.235065,-84.518884,0.081951,0.087732 
"39","03","03","OH",539259,40.011362,-82.924302,0.685531,0.665958 
"39","03","15","OH",270490,39.931202,-83.02688,0.343859,0.334042 
"39","04","04","OH",369753,40.488102,-83.776587,0.470047,0.516287 
"39","04","05","OH",244059,41.185678,-82.599255,0.310259,0.34078 
"39","04","09","OH",70422,41.337134,-83.011768,0.089524,0.09833 
"39","04","15","OH",31943,40.281567,-84.192581,0.040607,0.044602 
"39","05","04","OH",31767,40.689496,-83.664914,0.040384,0.043454 
"39","05","05","OH",297047,41.083269,-83.9292,0.37762,0.406328 
"39","05","09","OH",402238,41.574379,-83.847475,0.511343,0.550218 
"39","06","02","OH",177720,38.781172,-82.508077,0.225926,0.258645 
"39","06","06","OH",428682,40.330305,-80.957631,0.54496,0.623884 
"39","06","12","OH",80716,40.021297,-81.69677,0.10261,0.11747 
"39","07","04","OH",102547,40.838035,-82.419515,0.130362,0.139077 
"39","07","05","OH",120549,41.292979,-82.167144,0.153247,0.163492 
"39","07","06","OH",144800,40.696237,-81.390472,0.184076,0.196382 
"39","07","07","OH",73679,41.094649,-81.917774,0.093664,0.099925 
"39","07","12","OH",152802,40.424307,-82.067709,0.194249,0.207234 
"39","07","13","OH",142963,40.827242,-81.405184,0.181741,0.19389 
"39","08","05","OH",17724,40.436886,-84.634724,0.022532,0.023767 
"39","08","08","OH",500283,39.530821,-84.513822,0.635983,0.670858 
"39","08","10","OH",81355,39.918494,-83.808817,0.103422,0.109094 
"39","08","15","OH",146374,40.008689,-84.083581,0.186077,0.196281 
"39","09","05","OH",107251,41.458263,-82.140515,0.136342,0.152334 
"39","09","07","OH",113384,41.417851,-81.793813,0.144139,0.161045 
"39","09","09","OH",313970,41.603028,-83.32846,0.399133,0.445948 
"39","09","11","OH",169446,41.457354,-81.769958,0.215407,0.240673 
"39","10","10","OH",705275,39.739804,-84.156569,0.896577,0.966918 
"39","10","15","OH",24130,39.566757,-83.442484,0.030675,0.033082 
"39","11","07","OH",37741,41.349208,-81.656515,0.047978,0.054493 
"39","11","11","OH",560772,41.492232,-81.585609,0.712879,0.809675 
"39","11","13","OH",94076,41.100148,-81.557083,0.119594,0.135832 
"39","12","03","OH",159655,40.076635,-82.952983,0.202961,0.197362 
"39","12","04","OH",282563,40.396521,-82.881371,0.359207,0.349298 
"39","12","12","OH",286499,40.052042,-82.48115,0.364211,0.354164 
"39","12","15","OH",80227,40.105411,-83.123101,0.101988,0.099175 
"39","13","06","OH",203489,41.048608,-80.730346,0.258684,0.291347 
"39","13","13","OH",222859,41.080355,-81.508999,0.283309,0.319081 
"39","13","14","OH",272093,41.203435,-80.932623,0.345897,0.389572 
"39","14","07","OH",51046,41.363862,-81.529021,0.064892,0.069921 
"39","14","11","OH",56412,41.516093,-81.455503,0.071714,0.077271 
"39","14","13","OH",138217,41.250921,-81.463882,0.175708,0.189324 
"39","14","14","OH",484381,41.625823,-81.161533,0.615767,0.663485 
"39","15","02","OH",178542,39.497532,-83.082628,0.226971,0.232981 
"39","15","03","OH",87716,40.021268,-83.054381,0.111509,0.114461 
"39","15","12","OH",266613,39.686023,-82.45178,0.338931,0.347906 
"39","15","15","OH",233466,39.942364,-83.145824,0.296793,0.304652 
"39","16","06","OH",9659,40.799125,-81.438352,0.012279,0.013068 
"39","16","07","OH",510780,41.200238,-81.833422,0.649327,0.691074 
"39","16","13","OH",188515,40.943049,-81.497143,0.239649,0.255057 
"39","16","14","OH",30156,41.078945,-81.282543,0.038336,0.0408 
"40","01","01","OK",758164,36.098192,-95.891791,0.957434,0.914909 
"40","01","02","OK",70483,36.540455,-95.800154,0.089008,0.085055 
"40","01","03","OK",30,35.890761,-96.143327,0.000038,0.000036 
"40","02","01","OK",690,36.287507,-95.759709,0.000871,0.000956 
"40","02","02","OK",721388,35.468635,-95.404475,0.910992,0.999044 
"40","03","01","OK",33017,36.012159,-96.103447,0.041695,0.04205 
"40","03","03","OK",589538,36.003758,-97.992173,0.744487,0.750821 
"40","03","05","OK",162636,35.630552,-97.471508,0.205382,0.207129 
"40","04","03","OK",21541,35.390506,-97.730351,0.027203,0.026975 
"40","04","04","OK",761773,34.952436,-97.612696,0.961992,0.953943 
"40","04","05","OK",15238,35.458682,-97.309969,0.019243,0.019082 
"40","05","03","OK",180762,35.426862,-97.542864,0.228272,0.219144 
"40","05","04","OK",30097,35.452552,-97.425906,0.038007,0.036488 
"40","05","05","OK",613996,35.529248,-97.423498,0.775374,0.744368 
"41","01","01","OR",578179,45.591897,-122.951602,0.818708,0.669148 
"41","01","05","OR",30,45.441866,-122.742567,0.000042,0.000035 
"41","01","06","OR",285843,45.349269,-122.926192,0.404755,0.330817 
"41","02","02","OR",653012,43.536832,-121.177819,0.924672,0.767373 
"41","02","03","OR",23977,45.658959,-121.565647,0.033952,0.028176 
"41","02","05","OR",173982,44.125571,-121.293222,0.24636,0.204451 
"41","03","01","OR",100640,45.504955,-122.674533,0.142507,0.11825 
"41","03","03","OR",676128,45.509721,-122.534461,0.957405,0.794437 
"41","03","05","OR",74310,45.407526,-122.581106,0.105224,0.087313 
"41","04","02","OR",53197,42.631942,-123.394862,0.075328,0.06459 
"41","04","04","OR",642858,43.866848,-123.33905,0.910295,0.780539 
"41","04","05","OR",127553,44.556283,-122.957357,0.180616,0.154871 
"41","05","01","OR",27390,45.469523,-123.858494,0.038785,0.032317 
"41","05","03","OR",6104,45.457554,-122.538602,0.008643,0.007202 
"41","05","04","OR",63350,44.703413,-123.825859,0.089704,0.074745 
"41","05","05","OR",330334,45.298329,-122.6504,0.467757,0.389753 
"41","05","06","OR",420369,44.988482,-123.010953,0.595244,0.495983 
"42","01","01","PA",713282,40.241622,-75.048954,0.932558,0.973569 
"42","01","04","PA",19364,40.240143,-75.279701,0.025317,0.02643 
"42","02","02","PA",733054,40.035315,-75.079249,0.958409,1 
"42","03","02","PA",31811,39.950621,-75.15536,0.04159,0.042299 
"42","03","03","PA",720246,39.987194,-75.190524,0.941665,0.957701 
"42","04","01","PA",51584,40.304857,-75.346117,0.067442,0.06836 
"42","04","03","PA",19,40.009498,-75.208891,0.000025,0.000025 
"42","04","04","PA",624540,40.169796,-75.325797,0.816536,0.827648 
"42","04","05","PA",78453,40.097845,-75.346631,0.102571,0.103967 
"42","05","03","PA",44599,39.922906,-75.167274,0.05831,0.06101 
"42","05","05","PA",686413,39.92665,-75.331354,0.897429,0.93899 
"42","06","06","PA",752938,40.087113,-75.751666,0.984407,1 
"42","07","07","PA",692643,40.645614,-75.42351,0.905575,0.928747 
"42","07","08","PA",53139,40.990733,-75.221884,0.069475,0.071253 
"42","08","07","PA",7473,40.930543,-75.496959,0.00977,0.01048 
"42","08","08","PA",704423,41.290479,-75.616075,0.920976,0.987851 
"42","08","09","PA",1190,41.027468,-76.03226,0.001556,0.001669 
"42","09","04","PA",120961,40.417675,-75.832674,0.158147,0.171273 
"42","09","06","PA",11926,40.321517,-75.842502,0.015592,0.016886 
"42","09","07","PA",64749,40.871955,-75.708872,0.084654,0.09168 
"42","09","08","PA",7304,41.18455,-76.031354,0.009549,0.010342 
"42","09","09","PA",501306,40.668885,-76.31026,0.655418,0.709817 
"42","10","10","PA",735826,40.189801,-76.858186,0.962035,0.968847 
"42","10","11","PA",23660,39.927087,-76.676199,0.030934,0.031153 
"42","11","10","PA",7387,39.911926,-76.864096,0.009658,0.009868 
"42","11","11","PA",741204,40.015861,-76.400892,0.969066,0.990132 
"42","12","09","PA",262368,41.426537,-76.521949,0.343026,0.382025 
"42","12","13","PA",115494,40.521111,-77.37399,0.150999,0.168167 
"42","12","15","PA",308920,41.111744,-77.380562,0.403889,0.449808 
"42","13","10","PA",21651,40.155515,-77.310047,0.028307,0.031161 
"42","13","13","PA",561355,40.114189,-77.927566,0.733928,0.807922 
"42","13","14","PA",111807,40.119596,-79.110096,0.146178,0.160917 
"42","14","12","PA",110935,40.350497,-79.686026,0.145039,0.160871 
"42","14","14","PA",578654,40.177656,-79.856559,0.756543,0.839128 
"42","15","13","PA",88015,40.453202,-78.735588,0.115073,0.130523 
"42","15","14","PA",74405,40.591823,-79.147411,0.097278,0.11034 
"42","15","15","PA",455944,41.187467,-78.84946,0.596111,0.676148 
"42","15","16","PA",55961,41.045695,-79.80921,0.073165,0.082988 
"42","16","16","PA",688028,41.509264,-80.135371,0.899541,1 
"42","17","16","PA",20876,40.693354,-80.122048,0.027294,0.028323 
"42","17","17","PA",716180,40.548673,-80.085799,0.936349,0.971676 
"42","18","12","PA",653929,40.400823,-79.934601,0.854961,0.93071 
"42","18","17","PA",48684,40.412206,-79.931373,0.06365,0.06929 
"44","01","01","RI",546128,41.813263,-71.387384,0.996442,0.985244 
"44","01","02","RI",8179,41.845359,-71.431727,0.01489,0.014755 
"44","02","01","RI",1950,41.816804,-71.42499,0.003558,0.003591 
"44","02","02","RI",541122,41.695982,-71.514476,0.98511,0.996409 
"45","01","01","SC",678404,32.776283,-80.222845,0.927792,0.82844 
"45","01","06","SC",140489,32.859112,-80.052991,0.192134,0.17156 
"45","02","02","SC",707432,33.870915,-81.284932,0.96749,0.980054 
"45","02","06","SC",14397,34.010348,-80.99534,0.019689,0.019945 
"45","03","03","SC",692784,34.524973,-82.473023,0.947456,0.98019 
"45","03","04","SC",14001,34.747317,-82.357344,0.019148,0.019809 
"45","04","03","SC",7111,34.719185,-82.272657,0.009725,0.009354 
"45","04","04","SC",717203,34.895732,-82.21784,0.980852,0.943398 
"45","04","05","SC",35919,35.059553,-81.960625,0.049123,0.047247 
"45","05","03","SC",31309,34.271007,-81.551737,0.042818,0.042523 
"45","05","05","SC",694939,34.73327,-80.988774,0.950404,0.943843 
"45","05","06","SC",10038,33.86489,-80.346491,0.013728,0.013633 
"45","06","01","SC",52799,32.906942,-80.292815,0.072208,0.081674 
"45","06","02","SC",23771,33.913314,-80.946311,0.032509,0.036771 
"45","06","05","SC",346,33.937409,-80.349465,0.000473,0.000535 
"45","06","06","SC",565994,33.456937,-80.595877,0.774057,0.875524 
"45","06","07","SC",3553,33.91695,-79.845127,0.004859,0.005496 
"45","07","06","SC",286,33.914067,-79.734571,0.000391,0.000393 
"45","07","07","SC",727650,33.983067,-79.326715,0.995141,0.999607 
"46","00","00","SD",886667,43.986511,-98.929578,1,1 
"47","01","01","TN",726822,36.272141,-82.754868,0.946542,1 
"47","02","01","TN",41049,36.055386,-83.474342,0.053458,0.053046 
"47","02","02","TN",732785,35.952353,-83.978139,0.954307,0.946953 
"47","03","02","TN",35086,36.310951,-83.932739,0.045693,0.047508 
"47","03","03","TN",687471,35.396286,-84.846421,0.895295,0.930869 
"47","03","06","TN",15969,36.486988,-84.514242,0.020796,0.021623 
"47","04","03","TN",80400,35.186744,-84.870915,0.104705,0.096769 
"47","04","04","TN",635478,35.659494,-86.173418,0.827583,0.764855 
"47","04","05","TN",108811,35.588436,-86.930629,0.141705,0.130964 
"47","04","06","TN",6158,35.709094,-85.466688,0.00802,0.007412 
"47","05","05","TN",346457,36.082285,-86.72875,0.451192,0.432937 
"47","05","06","TN",188668,36.200742,-86.706436,0.245703,0.235762 
"47","05","07","TN",265122,36.170331,-86.954501,0.345269,0.3313 
"47","06","04","TN",57889,35.454229,-86.12455,0.075389,0.071371 
"47","06","05","TN",112307,36.189637,-86.437561,0.146258,0.138463 
"47","06","06","TN",557076,36.24991,-85.919787,0.725481,0.686816 
"47","06","07","TN",83827,36.467748,-86.852442,0.109168,0.10335 
"47","07","04","TN",74505,35.219113,-87.221971,0.097028,0.090598 
"47","07","05","TN",200296,35.84849,-86.891054,0.260846,0.24356 
"47","07","07","TN",418834,36.248954,-87.369279,0.545448,0.509302 
"47","07","08","TN",128734,35.365508,-88.532581,0.16765,0.15654 
"47","08","07","TN",88,36.323262,-88.043149,0.000115,0.000123 
"47","08","08","TN",637367,35.638899,-89.246083,0.830044,0.889746 
"47","08","09","TN",78892,35.312063,-89.809467,0.102741,0.110131 
"47","09","08","TN",1770,35.135468,-89.921534,0.002305,0.002562 
"47","09","09","TN",688979,35.123331,-89.924795,0.897259,0.997437 
"48","01","01","TX",555174,32.327464,-94.894922,0.723837,0.768552 
"48","01","05","TX",16141,32.73645,-95.259753,0.021045,0.022345 
"48","01","17","TX",151048,31.447131,-94.685534,0.196937,0.209103 
"48","02","02","TX",264821,30.023574,-95.254264,0.345274,0.325052 
"48","02","07","TX",96982,29.751034,-95.407589,0.126445,0.11904 
"48","02","08","TX",14344,29.865073,-95.636282,0.018702,0.017606 
"48","02","09","TX",4379,29.691867,-95.423253,0.005709,0.005375 
"48","02","18","TX",153179,29.895382,-95.453883,0.199715,0.188018 
"48","02","38","TX",280999,29.92471,-95.547771,0.366367,0.344909 
"48","03","03","TX",561979,33.137155,-96.678931,0.73271,0.60233 
"48","03","04","TX",294509,33.090238,-96.774775,0.383982,0.315655 
"48","03","32","TX",76520,33.006099,-96.68289,0.099767,0.082014 
"48","04","01","TX",211813,33.205931,-94.541471,0.276162,0.269052 
"48","04","03","TX",140042,33.151481,-96.256617,0.182587,0.177886 
"48","04","04","TX",421285,33.346541,-96.213038,0.549273,0.535131 
"48","04","05","TX",14116,32.772213,-94.86262,0.018404,0.017931 
"48","05","05","TX",479400,32.629574,-96.244043,0.625043,0.61217 
"48","05","06","TX",108334,31.83961,-95.466337,0.141246,0.138337 
"48","05","24","TX",19766,32.877466,-96.721136,0.025771,0.02524 
"48","05","30","TX",14977,32.690122,-96.577787,0.019527,0.019125 
"48","05","32","TX",160639,32.821383,-96.677798,0.209442,0.205128 
"48","06","06","TX",356841,32.436387,-96.862819,0.46525,0.432546 
"48","06","12","TX",34722,32.608855,-97.372947,0.045271,0.042088 
"48","06","25","TX",346164,32.676302,-97.165609,0.451329,0.419604 
"48","06","30","TX",52650,32.648744,-97.052342,0.068645,0.06382 
"48","06","33","TX",34601,32.755744,-97.187353,0.045113,0.041942 
"48","07","07","TX",262847,29.726662,-95.504988,0.342701,0.328185 
"48","07","08","TX",231116,29.861829,-95.688291,0.30133,0.288566 
"48","07","09","TX",50584,29.682492,-95.47885,0.065952,0.063158 
"48","07","22","TX",27610,29.761071,-95.738923,0.035998,0.034473 
"48","07","38","TX",228754,29.804595,-95.571962,0.29825,0.285617 
"48","08","02","TX",382026,30.157414,-95.397419,0.498086,0.416883 
"48","08","08","TX",325528,30.344873,-95.518544,0.424424,0.35523 
"48","08","10","TX",42723,30.601971,-95.973402,0.055702,0.046621 
"48","08","17","TX",102253,30.929334,-95.519375,0.133318,0.111583 
"48","08","38","TX",63856,30.05957,-95.577388,0.083256,0.069682 
"48","09","07","TX",257829,29.705587,-95.616312,0.336158,0.334496 
"48","09","09","TX",505685,29.641078,-95.474992,0.659313,0.656054 
"48","09","22","TX",7284,29.572956,-95.550417,0.009497,0.00945 
"48","10","08","TX",145876,29.886044,-95.752453,0.190194,0.155521 
"48","10","10","TX",279373,30.085007,-96.747092,0.364247,0.297845 
"48","10","17","TX",7403,30.449036,-97.579983,0.009652,0.007892 
"48","10","22","TX",54111,29.783986,-95.777394,0.07055,0.057689 
"48","10","27","TX",2264,30.088828,-97.282328,0.002952,0.002414 
"48","10","35","TX",58265,30.361415,-97.586778,0.075966,0.062117 
"48","10","37","TX",197312,30.370441,-97.738082,0.257256,0.210358 
"48","10","38","TX",193378,30.017118,-95.651028,0.252127,0.206164 
"48","11","11","TX",570685,31.719167,-101.253753,0.744061,0.731935 
"48","11","19","TX",46849,32.432115,-101.881087,0.061082,0.060086 
"48","11","25","TX",162160,32.425032,-98.25556,0.211425,0.207979 
"48","12","12","TX",718405,32.789817,-97.444832,0.936658,0.830983 
"48","12","13","TX",680,33.248742,-97.588939,0.000887,0.000787 
"48","12","24","TX",65587,32.865173,-97.245841,0.085513,0.075865 
"48","12","25","TX",50048,32.666422,-97.591311,0.065253,0.057891 
"48","12","26","TX",26779,33.101847,-97.521421,0.034915,0.030975 
"48","12","33","TX",3025,32.759159,-97.323935,0.003944,0.003499 
"48","13","13","TX",629009,34.794021,-100.599145,0.820104,0.889096 
"48","13","19","TX",9090,34.440126,-101.691565,0.011852,0.012849 
"48","13","25","TX",8472,33.200241,-98.168802,0.011046,0.011975 
"48","13","26","TX",60899,33.450802,-97.305909,0.0794,0.08608 
"48","14","09","TX",6806,29.504583,-95.430646,0.008874,0.008785 
"48","14","14","TX",681614,29.50792,-94.843671,0.88869,0.879858 
"48","14","22","TX",14686,29.416144,-95.440428,0.019148,0.018957 
"48","14","36","TX",71580,30.105969,-94.170928,0.093326,0.092399 
"48","15","15","TX",527191,26.849426,-98.16824,0.687353,0.652705 
"48","15","28","TX",88626,29.27172,-98.231101,0.115551,0.109726 
"48","15","34","TX",191885,26.226648,-98.045067,0.25018,0.237569 
"48","16","16","TX",720471,31.801512,-106.388155,0.939353,0.95129 
"48","16","23","TX",36891,31.88476,-106.294529,0.048099,0.04871 
"48","17","06","TX",12511,31.747112,-96.198486,0.016312,0.01553 
"48","17","10","TX",277843,30.597179,-96.463008,0.362252,0.344887 
"48","17","17","TX",419449,31.300373,-97.1208,0.546879,0.520662 
"48","17","37","TX",95803,30.420831,-97.692024,0.124908,0.11892 
"48","18","02","TX",41090,30.037448,-95.410216,0.053573,0.051562 
"48","18","07","TX",8898,29.77215,-95.397831,0.011601,0.011166 
"48","18","09","TX",29562,29.682311,-95.348334,0.038543,0.037096 
"48","18","18","TX",607268,29.872541,-95.402602,0.791758,0.76203 
"48","18","29","TX",110090,29.897511,-95.409484,0.143536,0.138146 
"48","19","19","TX",711048,33.208364,-101.358013,0.927066,0.972142 
"48","19","25","TX",20376,33.119214,-98.65873,0.026566,0.027858 
"48","20","20","TX",635137,29.47019,-98.609878,0.828094,0.822607 
"48","20","21","TX",12096,29.522659,-98.518332,0.015771,0.015666 
"48","20","23","TX",92900,29.504116,-98.664538,0.121123,0.120321 
"48","20","28","TX",11216,29.354457,-98.492591,0.014623,0.014527 
"48","20","35","TX",20754,29.437989,-98.516383,0.027059,0.02688 
"48","21","10","TX",601,30.305204,-97.923126,0.000784,0.000709 
"48","21","20","TX",20470,29.531333,-98.568413,0.026689,0.024137 
"48","21","21","TX",602532,29.778584,-98.486568,0.785583,0.710474 
"48","21","23","TX",2134,29.567918,-98.566436,0.002782,0.002516 
"48","21","35","TX",41202,30.032659,-97.890724,0.053719,0.048583 
"48","21","37","TX",181131,30.226697,-97.79709,0.236159,0.21358 
"48","22","07","TX",140431,29.630578,-95.686034,0.183094,0.14443 
"48","22","09","TX",133151,29.556497,-95.439977,0.173603,0.136943 
"48","22","14","TX",565,29.39875,-95.268396,0.000737,0.000581 
"48","22","22","TX",585471,29.59939,-95.644987,0.763339,0.602145 
"48","22","29","TX",9046,29.598929,-95.219569,0.011794,0.009304 
"48","22","36","TX",103645,29.562218,-95.188201,0.135133,0.106597 
"48","23","16","TX",46515,31.666145,-106.258036,0.060646,0.05573 
"48","23","20","TX",104457,29.388542,-98.642737,0.136191,0.125151 
"48","23","21","TX",4466,29.558019,-98.549647,0.005823,0.005351 
"48","23","23","TX",633614,29.786699,-100.489396,0.826108,0.759138 
"48","23","28","TX",45597,29.327103,-98.416956,0.059449,0.05463 
"48","24","06","TX",65772,32.855905,-96.957319,0.085754,0.079946 
"48","24","12","TX",9198,32.797858,-97.190921,0.011992,0.01118 
"48","24","24","TX",372695,32.897175,-97.067453,0.485921,0.453011 
"48","24","26","TX",101220,33.026906,-96.896312,0.131971,0.123033 
"48","24","32","TX",113363,32.971415,-96.844731,0.147803,0.137793 
"48","24","33","TX",160458,32.893901,-96.958296,0.209206,0.195037 
"48","25","06","TX",83797,32.25112,-97.178145,0.109255,0.098998 
"48","25","10","TX",117248,30.389524,-97.953764,0.152868,0.138517 
"48","25","11","TX",67519,31.091041,-97.89321,0.088031,0.079767 
"48","25","21","TX",63798,30.151535,-98.038474,0.08318,0.075371 
"48","25","25","TX",170312,32.406936,-97.493323,0.222053,0.201207 
"48","25","31","TX",158680,31.160885,-97.942714,0.206887,0.187465 
"48","25","35","TX",35895,30.285818,-97.69147,0.0468,0.042406 
"48","25","37","TX",149203,30.273537,-97.800996,0.194531,0.176269 
"48","26","04","TX",51193,33.16711,-96.874036,0.066746,0.054281 
"48","26","12","TX",71,32.976594,-97.349225,0.000093,0.000075 
"48","26","13","TX",137298,33.216478,-97.129912,0.179009,0.145581 
"48","26","24","TX",176455,32.916065,-97.251309,0.230062,0.1871 
"48","26","26","TX",578089,33.111699,-97.03052,0.753714,0.612963 
"48","27","22","TX",77825,29.109674,-96.093122,0.101468,0.105212 
"48","27","27","TX",661872,28.286754,-97.298133,0.86295,0.894788 
"48","28","15","TX",186725,26.967776,-98.318596,0.243453,0.239 
"48","28","21","TX",9476,29.527165,-98.375478,0.012355,0.012129 
"48","28","23","TX",1448,28.043479,-99.333351,0.001888,0.001853 
"48","28","28","TX",478191,27.835337,-99.092113,0.623466,0.612064 
"48","28","35","TX",105436,29.505046,-98.336779,0.137468,0.134953 
"48","29","09","TX",36820,29.678514,-95.292235,0.048006,0.051335 
"48","29","18","TX",6540,29.904485,-95.279723,0.008527,0.009118 
"48","29","29","TX",647837,29.778074,-95.271213,0.844652,0.903217 
"48","29","36","TX",26058,29.688762,-95.165623,0.033974,0.03633 
"48","30","30","TX",654868,32.678723,-96.836515,0.853819,0.836383 
"48","30","32","TX",126039,32.776209,-96.684381,0.16433,0.160974 
"48","30","33","TX",2069,32.733613,-96.956583,0.002698,0.002642 
"48","31","10","TX",49199,30.490169,-97.767617,0.064146,0.052688 
"48","31","11","TX",128783,31.0828,-97.717721,0.167908,0.137917 
"48","31","17","TX",86834,30.512687,-97.634274,0.113214,0.092993 
"48","31","31","TX",608307,30.750363,-97.636506,0.793112,0.651451 
"48","31","37","TX",60649,30.46151,-97.7793,0.079074,0.064951 
"48","32","03","TX",64966,33.010689,-96.555467,0.084703,0.08227 
"48","32","05","TX",257330,32.904902,-96.600087,0.335508,0.325872 
"48","32","24","TX",132452,32.894617,-96.785622,0.172691,0.167732 
"48","32","30","TX",44492,32.810739,-96.804481,0.058009,0.056343 
"48","32","32","TX",290426,32.907468,-96.733181,0.378658,0.367783 
"48","33","06","TX",139732,32.773142,-97.011334,0.182183,0.193899 
"48","33","12","TX",4591,32.788567,-97.345776,0.005986,0.006371 
"48","33","24","TX",32,32.806176,-97.117518,0.000042,0.000044 
"48","33","25","TX",9455,32.742494,-97.116656,0.012327,0.01312 
"48","33","33","TX",566834,32.746063,-97.097025,0.73904,0.786566 
"48","34","15","TX",53071,27.330482,-98.073973,0.069194,0.074553 
"48","34","27","TX",83678,28.571539,-97.578541,0.1091,0.11755 
"48","34","34","TX",575102,26.161518,-97.67562,0.749819,0.807896 
"48","35","20","TX",6923,29.395285,-98.508651,0.009026,0.008317 
"48","35","21","TX",74619,29.624037,-98.296967,0.097288,0.089644 
"48","35","27","TX",19173,29.886457,-97.736431,0.024998,0.023033 
"48","35","28","TX",143357,29.423009,-98.410744,0.186909,0.172222 
"48","35","35","TX",505435,29.868019,-98.017132,0.658988,0.607205 
"48","35","37","TX",82889,30.256587,-97.75142,0.108071,0.099579 
"48","36","02","TX",79050,29.8416,-95.091297,0.103066,0.101385 
"48","36","08","TX",50123,30.736484,-94.936825,0.06535,0.064285 
"48","36","14","TX",84808,30.120218,-93.865842,0.110573,0.10877 
"48","36","29","TX",14,29.623409,-95.198914,0.000018,0.000018 
"48","36","36","TX",565704,29.946473,-94.823572,0.737566,0.725541 
"49","01","01","UT",727350,41.28892,-111.951334,0.889285,0.909077 
"49","01","03","UT",72747,40.450358,-110.156132,0.088943,0.090923 
"49","02","01","UT",71517,40.760835,-111.854061,0.087439,0.089214 
"49","02","02","UT",713118,39.405421,-112.501619,0.871884,0.889578 
"49","02","04","UT",17001,39.318961,-111.700453,0.020786,0.021208 
"49","03","03","UT",671181,40.277968,-111.619247,0.820611,0.853145 
"49","03","04","UT",115533,40.094334,-111.652604,0.141255,0.146855 
"49","04","01","UT",19037,40.699423,-111.814616,0.023275,0.021555 
"49","04","02","UT",104786,40.700226,-111.911175,0.128115,0.118648 
"49","04","03","UT",73976,40.621152,-111.865467,0.090446,0.083762 
"49","04","04","UT",685370,40.50062,-111.94489,0.837959,0.776035 
"50","00","00","VT",643077,44.101951,-72.824278,1,1 
"51","01","01","VA",319599,37.600543,-76.921467,0.407519,0.386173 
"51","01","05","VA",16840,37.820486,-77.634288,0.021354,0.020348 
"51","01","07","VA",346606,38.382229,-77.411948,0.442275,0.418805 
"51","01","10","VA",144561,38.727856,-77.547224,0.184324,0.174674 
"51","02","01","VA",115713,37.192943,-76.541306,0.147545,0.154113 
"51","02","02","VA",505165,36.899177,-76.064983,0.643163,0.672809 
"51","02","03","VA",129952,36.964002,-76.275193,0.166693,0.173078 
"51","03","02","VA",120802,36.838928,-76.552465,0.153802,0.15963 
"51","03","03","VA",635959,36.945612,-76.370911,0.815764,0.840369 
"51","04","01","VA",3428,37.285354,-77.605364,0.004371,0.00434 
"51","04","02","VA",159471,36.709096,-76.378889,0.203034,0.201909 
"51","04","03","VA",13676,36.793218,-76.397494,0.017543,0.017315 
"51","04","04","VA",613240,37.374641,-77.410329,0.778843,0.776435 
"51","05","04","VA",15849,36.758266,-77.863273,0.020129,0.02144 
"51","05","05","VA",512004,37.378002,-78.775934,0.649245,0.692636 
"51","05","07","VA",34499,38.300955,-78.346027,0.044021,0.04667 
"51","05","09","VA",113301,37.077983,-79.743808,0.144077,0.153273 
"51","05","10","VA",63558,38.73237,-77.830576,0.08104,0.085981 
"51","06","05","VA",138207,37.417329,-79.191257,0.175253,0.181041 
"51","06","06","VA",583681,38.072757,-79.160886,0.74527,0.76458 
"51","06","09","VA",41513,37.255291,-79.949776,0.052789,0.054379 
"51","07","01","VA",345516,37.553838,-77.608747,0.440565,0.422691 
"51","07","04","VA",158284,37.51377,-77.506467,0.201028,0.193639 
"51","07","05","VA",121563,37.637736,-77.934485,0.154148,0.148716 
"51","07","07","VA",192056,38.316371,-77.777648,0.245067,0.234954 
"51","08","08","VA",715090,38.834243,-77.113574,0.911996,0.895814 
"51","08","11","VA",83167,38.767021,-77.188511,0.106013,0.104186 
"51","09","06","VA",65177,37.461027,-80.022761,0.083221,0.093544 
"51","09","09","VA",631578,36.93908,-81.248645,0.803133,0.906456 
"51","10","06","VA",134322,39.164031,-78.162542,0.171508,0.151704 
"51","10","08","VA",13711,38.942606,-77.178485,0.017486,0.015485 
"51","10","10","VA",573487,38.968744,-77.516597,0.731232,0.647699 
"51","10","11","VA",163902,38.890138,-77.366727,0.208926,0.185112 
"51","11","07","VA",210527,38.635013,-77.305874,0.268636,0.261227 
"51","11","08","VA",55292,38.834365,-77.193388,0.070517,0.068608 
"51","11","10","VA",2669,38.809467,-77.395494,0.003403,0.003312 
"51","11","11","VA",537428,38.864045,-77.313626,0.685061,0.666853 
"53","01","01","WA",488664,47.797833,-122.150233,0.632959,0.618765 
"53","01","02","WA",173179,48.74712,-122.420483,0.225169,0.219286 
"53","01","08","WA",127897,47.848102,-121.959931,0.166133,0.161948 
"53","02","01","WA",214508,47.949576,-122.208454,0.277849,0.280635 
"53","02","02","WA",547748,48.239158,-122.39615,0.712189,0.716604 
"53","02","08","WA",2110,48.261415,-122.223127,0.002741,0.00276 
"53","03","03","WA",750015,45.901456,-122.682632,0.974921,0.970579 
"53","03","04","WA",22735,45.798391,-121.145999,0.029576,0.029421 
"53","04","04","WA",728180,46.645087,-119.735254,0.947275,0.968526 
"53","04","05","WA",23663,46.595016,-118.886971,0.030538,0.031473 
"53","05","05","WA",751208,47.507293,-117.47861,0.969462,1 
"53","06","06","WA",712370,47.501042,-122.847887,0.921234,0.966846 
"53","06","10","WA",24428,47.19835,-122.444486,0.03174,0.033154 
"53","07","02","WA",48178,47.805665,-122.35372,0.062642,0.060268 
"53","07","07","WA",750157,47.635507,-122.342775,0.974656,0.938412 
"53","07","09","WA",1055,47.603295,-122.328459,0.001372,0.00132 
"53","08","04","WA",17795,47.419779,-120.282382,0.023149,0.0228 
"53","08","06","WA",6636,47.249778,-122.311697,0.008582,0.008502 
"53","08","08","WA",613090,47.337977,-121.765948,0.796379,0.785515 
"53","08","09","WA",116294,47.331927,-122.227835,0.151259,0.149 
"53","08","10","WA",26679,47.164054,-122.24391,0.034665,0.034182 
"53","09","01","WA",68859,47.625129,-122.162093,0.089192,0.089032 
"53","09","06","WA",23797,47.287963,-122.392016,0.030774,0.030769 
"53","09","07","WA",19506,47.575898,-122.308963,0.025344,0.02522 
"53","09","08","WA",9768,47.436868,-122.150345,0.012688,0.01263 
"53","09","09","WA",651489,47.469824,-122.248835,0.847368,0.842349 
"53","10","03","WA",19293,46.861527,-122.797877,0.025078,0.024569 
"53","10","06","WA",30475,47.211445,-122.788705,0.03941,0.038808 
"53","10","08","WA",16982,47.066173,-122.339337,0.022059,0.021626 
"53","10","10","WA",718523,47.107786,-122.576076,0.933595,0.914998 
"54","01","01","WV",7408,38.923122,-80.826495,0.008267,0.012305 
"54","01","02","WV",594636,39.574602,-80.382919,0.662437,0.987695 
"54","02","01","WV",318068,38.483562,-81.587545,0.35496,0.51212 
"54","02","02","WV",303013,39.290699,-78.550529,0.337563,0.48788 
"54","03","01","WV",570591,37.980135,-81.562064,0.636773,1 
"55","01","01","WI",631331,42.696167,-88.153873,0.856954,0.867866 
"55","01","05","WI",96121,42.909357,-88.275992,0.130472,0.132134 
"55","02","01","WI",45413,42.551494,-89.031287,0.061643,0.057529 
"55","02","02","WI",736715,43.056035,-89.471438,1,0.933268 
"55","02","03","WI",7265,43.424675,-90.199908,0.009861,0.009203 
"55","03","03","WI",729448,44.199486,-90.964223,0.990134,0.994362 
"55","03","07","WI",4136,44.9338,-91.132873,0.005614,0.005638 
"55","04","01","WI",48160,42.936128,-87.86556,0.065371,0.069256 
"55","04","04","WI",647235,43.061499,-87.952786,0.878543,0.930744 
"55","05","01","WI",11811,42.83434,-88.739564,0.016032,0.016057 
"55","05","04","WI",87787,43.035562,-88.015649,0.11916,0.119345 
"55","05","05","WI",635923,43.129071,-88.305993,0.863187,0.86453 
"55","05","06","WI",50,43.4433,-88.856014,0.000068,0.000068 
"55","06","04","WI",1692,43.173034,-87.932966,0.002297,0.002325 
"55","06","05","WI",4671,43.453352,-88.663872,0.00634,0.006418 
"55","06","06","WI",721411,43.789115,-88.381138,0.979228,0.991257 
"55","07","03","WI",3,44.457482,-90.848198,4E-6,4E-6 
"55","07","07","WI",732579,45.361362,-90.859037,0.994386,0.999996 
"55","08","06","WI",15253,44.06073,-88.429495,0.020704,0.020284 
"55","08","08","WI",736714,44.521461,-88.204489,1,0.979716 
"56","00","00","WY",576851,42.694801,-106.993051,1,1 
"72","98","98","PR",3285874,18.282916,-66.348884,1,1 
